Source	Revision	Code	Name
gb	200712	110000	北京市
gb	200712	110100	市辖区
gb	200712	110101	东城区
gb	200712	110102	西城区
gb	200712	110103	崇文区
gb	200712	110104	宣武区
gb	200712	110105	朝阳区
gb	200712	110106	丰台区
gb	200712	110107	石景山区
gb	200712	110108	海淀区
gb	200712	110109	门头沟区
gb	200712	110111	房山区
gb	200712	110112	通州区
gb	200712	110113	顺义区
gb	200712	110114	昌平区
gb	200712	110115	大兴区
gb	200712	110116	怀柔区
gb	200712	110117	平谷区
gb	200712	110200	县
gb	200712	110228	密云县
gb	200712	110229	延庆县
gb	200712	120000	天津市
gb	200712	120100	市辖区
gb	200712	120101	和平区
gb	200712	120102	河东区
gb	200712	120103	河西区
gb	200712	120104	南开区
gb	200712	120105	河北区
gb	200712	120106	红桥区
gb	200712	120107	塘沽区
gb	200712	120108	汉沽区
gb	200712	120109	大港区
gb	200712	120110	东丽区
gb	200712	120111	西青区
gb	200712	120112	津南区
gb	200712	120113	北辰区
gb	200712	120114	武清区
gb	200712	120115	宝坻区
gb	200712	120200	县
gb	200712	120221	宁河县
gb	200712	120223	静海县
gb	200712	120225	蓟县
gb	200712	130000	河北省
gb	200712	130100	石家庄市
gb	200712	130101	市辖区
gb	200712	130102	长安区
gb	200712	130103	桥东区
gb	200712	130104	桥西区
gb	200712	130105	新华区
gb	200712	130107	井陉矿区
gb	200712	130108	裕华区
gb	200712	130121	井陉县
gb	200712	130123	正定县
gb	200712	130124	栾城县
gb	200712	130125	行唐县
gb	200712	130126	灵寿县
gb	200712	130127	高邑县
gb	200712	130128	深泽县
gb	200712	130129	赞皇县
gb	200712	130130	无极县
gb	200712	130131	平山县
gb	200712	130132	元氏县
gb	200712	130133	赵县
gb	200712	130181	辛集市
gb	200712	130182	藁城市
gb	200712	130183	晋州市
gb	200712	130184	新乐市
gb	200712	130185	鹿泉市
gb	200712	130200	唐山市
gb	200712	130201	市辖区
gb	200712	130202	路南区
gb	200712	130203	路北区
gb	200712	130204	古冶区
gb	200712	130205	开平区
gb	200712	130207	丰南区
gb	200712	130208	丰润区
gb	200712	130223	滦县
gb	200712	130224	滦南县
gb	200712	130225	乐亭县
gb	200712	130227	迁西县
gb	200712	130229	玉田县
gb	200712	130230	唐海县
gb	200712	130281	遵化市
gb	200712	130283	迁安市
gb	200712	130300	秦皇岛市
gb	200712	130301	市辖区
gb	200712	130302	海港区
gb	200712	130303	山海关区
gb	200712	130304	北戴河区
gb	200712	130321	青龙满族自治县
gb	200712	130322	昌黎县
gb	200712	130323	抚宁县
gb	200712	130324	卢龙县
gb	200712	130400	邯郸市
gb	200712	130401	市辖区
gb	200712	130402	邯山区
gb	200712	130403	丛台区
gb	200712	130404	复兴区
gb	200712	130406	峰峰矿区
gb	200712	130421	邯郸县
gb	200712	130423	临漳县
gb	200712	130424	成安县
gb	200712	130425	大名县
gb	200712	130426	涉县
gb	200712	130427	磁县
gb	200712	130428	肥乡县
gb	200712	130429	永年县
gb	200712	130430	邱县
gb	200712	130431	鸡泽县
gb	200712	130432	广平县
gb	200712	130433	馆陶县
gb	200712	130434	魏县
gb	200712	130435	曲周县
gb	200712	130481	武安市
gb	200712	130500	邢台市
gb	200712	130501	市辖区
gb	200712	130502	桥东区
gb	200712	130503	桥西区
gb	200712	130521	邢台县
gb	200712	130522	临城县
gb	200712	130523	内丘县
gb	200712	130524	柏乡县
gb	200712	130525	隆尧县
gb	200712	130526	任县
gb	200712	130527	南和县
gb	200712	130528	宁晋县
gb	200712	130529	巨鹿县
gb	200712	130530	新河县
gb	200712	130531	广宗县
gb	200712	130532	平乡县
gb	200712	130533	威县
gb	200712	130534	清河县
gb	200712	130535	临西县
gb	200712	130581	南宫市
gb	200712	130582	沙河市
gb	200712	130600	保定市
gb	200712	130601	市辖区
gb	200712	130602	新市区
gb	200712	130603	北市区
gb	200712	130604	南市区
gb	200712	130621	满城县
gb	200712	130622	清苑县
gb	200712	130623	涞水县
gb	200712	130624	阜平县
gb	200712	130625	徐水县
gb	200712	130626	定兴县
gb	200712	130627	唐县
gb	200712	130628	高阳县
gb	200712	130629	容城县
gb	200712	130630	涞源县
gb	200712	130631	望都县
gb	200712	130632	安新县
gb	200712	130633	易县
gb	200712	130634	曲阳县
gb	200712	130635	蠡县
gb	200712	130636	顺平县
gb	200712	130637	博野县
gb	200712	130638	雄县
gb	200712	130681	涿州市
gb	200712	130682	定州市
gb	200712	130683	安国市
gb	200712	130684	高碑店市
gb	200712	130700	张家口市
gb	200712	130701	市辖区
gb	200712	130702	桥东区
gb	200712	130703	桥西区
gb	200712	130705	宣化区
gb	200712	130706	下花园区
gb	200712	130721	宣化县
gb	200712	130722	张北县
gb	200712	130723	康保县
gb	200712	130724	沽源县
gb	200712	130725	尚义县
gb	200712	130726	蔚县
gb	200712	130727	阳原县
gb	200712	130728	怀安县
gb	200712	130729	万全县
gb	200712	130730	怀来县
gb	200712	130731	涿鹿县
gb	200712	130732	赤城县
gb	200712	130733	崇礼县
gb	200712	130800	承德市
gb	200712	130801	市辖区
gb	200712	130802	双桥区
gb	200712	130803	双滦区
gb	200712	130804	鹰手营子矿区
gb	200712	130821	承德县
gb	200712	130822	兴隆县
gb	200712	130823	平泉县
gb	200712	130824	滦平县
gb	200712	130825	隆化县
gb	200712	130826	丰宁满族自治县
gb	200712	130827	宽城满族自治县
gb	200712	130828	围场满族蒙古族自治县
gb	200712	130900	沧州市
gb	200712	130901	市辖区
gb	200712	130902	新华区
gb	200712	130903	运河区
gb	200712	130921	沧县
gb	200712	130922	青县
gb	200712	130923	东光县
gb	200712	130924	海兴县
gb	200712	130925	盐山县
gb	200712	130926	肃宁县
gb	200712	130927	南皮县
gb	200712	130928	吴桥县
gb	200712	130929	献县
gb	200712	130930	孟村回族自治县
gb	200712	130981	泊头市
gb	200712	130982	任丘市
gb	200712	130983	黄骅市
gb	200712	130984	河间市
gb	200712	131000	廊坊市
gb	200712	131001	市辖区
gb	200712	131002	安次区
gb	200712	131003	广阳区
gb	200712	131022	固安县
gb	200712	131023	永清县
gb	200712	131024	香河县
gb	200712	131025	大城县
gb	200712	131026	文安县
gb	200712	131028	大厂回族自治县
gb	200712	131081	霸州市
gb	200712	131082	三河市
gb	200712	131100	衡水市
gb	200712	131101	市辖区
gb	200712	131102	桃城区
gb	200712	131121	枣强县
gb	200712	131122	武邑县
gb	200712	131123	武强县
gb	200712	131124	饶阳县
gb	200712	131125	安平县
gb	200712	131126	故城县
gb	200712	131127	景县
gb	200712	131128	阜城县
gb	200712	131181	冀州市
gb	200712	131182	深州市
gb	200712	140000	山西省
gb	200712	140100	太原市
gb	200712	140101	市辖区
gb	200712	140105	小店区
gb	200712	140106	迎泽区
gb	200712	140107	杏花岭区
gb	200712	140108	尖草坪区
gb	200712	140109	万柏林区
gb	200712	140110	晋源区
gb	200712	140121	清徐县
gb	200712	140122	阳曲县
gb	200712	140123	娄烦县
gb	200712	140181	古交市
gb	200712	140200	大同市
gb	200712	140201	市辖区
gb	200712	140202	城区
gb	200712	140203	矿区
gb	200712	140211	南郊区
gb	200712	140212	新荣区
gb	200712	140221	阳高县
gb	200712	140222	天镇县
gb	200712	140223	广灵县
gb	200712	140224	灵丘县
gb	200712	140225	浑源县
gb	200712	140226	左云县
gb	200712	140227	大同县
gb	200712	140300	阳泉市
gb	200712	140301	市辖区
gb	200712	140302	城区
gb	200712	140303	矿区
gb	200712	140311	郊区
gb	200712	140321	平定县
gb	200712	140322	盂县
gb	200712	140400	长治市
gb	200712	140401	市辖区
gb	200712	140402	城区
gb	200712	140411	郊区
gb	200712	140421	长治县
gb	200712	140423	襄垣县
gb	200712	140424	屯留县
gb	200712	140425	平顺县
gb	200712	140426	黎城县
gb	200712	140427	壶关县
gb	200712	140428	长子县
gb	200712	140429	武乡县
gb	200712	140430	沁县
gb	200712	140431	沁源县
gb	200712	140481	潞城市
gb	200712	140500	晋城市
gb	200712	140501	市辖区
gb	200712	140502	城区
gb	200712	140521	沁水县
gb	200712	140522	阳城县
gb	200712	140524	陵川县
gb	200712	140525	泽州县
gb	200712	140581	高平市
gb	200712	140600	朔州市
gb	200712	140601	市辖区
gb	200712	140602	朔城区
gb	200712	140603	平鲁区
gb	200712	140621	山阴县
gb	200712	140622	应县
gb	200712	140623	右玉县
gb	200712	140624	怀仁县
gb	200712	140700	晋中市
gb	200712	140701	市辖区
gb	200712	140702	榆次区
gb	200712	140721	榆社县
gb	200712	140722	左权县
gb	200712	140723	和顺县
gb	200712	140724	昔阳县
gb	200712	140725	寿阳县
gb	200712	140726	太谷县
gb	200712	140727	祁县
gb	200712	140728	平遥县
gb	200712	140729	灵石县
gb	200712	140781	介休市
gb	200712	140800	运城市
gb	200712	140801	市辖区
gb	200712	140802	盐湖区
gb	200712	140821	临猗县
gb	200712	140822	万荣县
gb	200712	140823	闻喜县
gb	200712	140824	稷山县
gb	200712	140825	新绛县
gb	200712	140826	绛县
gb	200712	140827	垣曲县
gb	200712	140828	夏县
gb	200712	140829	平陆县
gb	200712	140830	芮城县
gb	200712	140881	永济市
gb	200712	140882	河津市
gb	200712	140900	忻州市
gb	200712	140901	市辖区
gb	200712	140902	忻府区
gb	200712	140921	定襄县
gb	200712	140922	五台县
gb	200712	140923	代县
gb	200712	140924	繁峙县
gb	200712	140925	宁武县
gb	200712	140926	静乐县
gb	200712	140927	神池县
gb	200712	140928	五寨县
gb	200712	140929	岢岚县
gb	200712	140930	河曲县
gb	200712	140931	保德县
gb	200712	140932	偏关县
gb	200712	140981	原平市
gb	200712	141000	临汾市
gb	200712	141001	市辖区
gb	200712	141002	尧都区
gb	200712	141021	曲沃县
gb	200712	141022	翼城县
gb	200712	141023	襄汾县
gb	200712	141024	洪洞县
gb	200712	141025	古县
gb	200712	141026	安泽县
gb	200712	141027	浮山县
gb	200712	141028	吉县
gb	200712	141029	乡宁县
gb	200712	141030	大宁县
gb	200712	141031	隰县
gb	200712	141032	永和县
gb	200712	141033	蒲县
gb	200712	141034	汾西县
gb	200712	141081	侯马市
gb	200712	141082	霍州市
gb	200712	141100	吕梁市
gb	200712	141101	市辖区
gb	200712	141102	离石区
gb	200712	141121	文水县
gb	200712	141122	交城县
gb	200712	141123	兴县
gb	200712	141124	临县
gb	200712	141125	柳林县
gb	200712	141126	石楼县
gb	200712	141127	岚县
gb	200712	141128	方山县
gb	200712	141129	中阳县
gb	200712	141130	交口县
gb	200712	141181	孝义市
gb	200712	141182	汾阳市
gb	200712	150000	内蒙古自治区
gb	200712	150100	呼和浩特市
gb	200712	150101	市辖区
gb	200712	150102	新城区
gb	200712	150103	回民区
gb	200712	150104	玉泉区
gb	200712	150105	赛罕区
gb	200712	150121	土默特左旗
gb	200712	150122	托克托县
gb	200712	150123	和林格尔县
gb	200712	150124	清水河县
gb	200712	150125	武川县
gb	200712	150200	包头市
gb	200712	150201	市辖区
gb	200712	150202	东河区
gb	200712	150203	昆都仑区
gb	200712	150204	青山区
gb	200712	150205	石拐区
gb	200712	150206	白云矿区
gb	200712	150207	九原区
gb	200712	150221	土默特右旗
gb	200712	150222	固阳县
gb	200712	150223	达尔罕茂明安联合旗
gb	200712	150300	乌海市
gb	200712	150301	市辖区
gb	200712	150302	海勃湾区
gb	200712	150303	海南区
gb	200712	150304	乌达区
gb	200712	150400	赤峰市
gb	200712	150401	市辖区
gb	200712	150402	红山区
gb	200712	150403	元宝山区
gb	200712	150404	松山区
gb	200712	150421	阿鲁科尔沁旗
gb	200712	150422	巴林左旗
gb	200712	150423	巴林右旗
gb	200712	150424	林西县
gb	200712	150425	克什克腾旗
gb	200712	150426	翁牛特旗
gb	200712	150428	喀喇沁旗
gb	200712	150429	宁城县
gb	200712	150430	敖汉旗
gb	200712	150500	通辽市
gb	200712	150501	市辖区
gb	200712	150502	科尔沁区
gb	200712	150521	科尔沁左翼中旗
gb	200712	150522	科尔沁左翼后旗
gb	200712	150523	开鲁县
gb	200712	150524	库伦旗
gb	200712	150525	奈曼旗
gb	200712	150526	扎鲁特旗
gb	200712	150581	霍林郭勒市
gb	200712	150600	鄂尔多斯市
gb	200712	150601	市辖区
gb	200712	150602	东胜区
gb	200712	150621	达拉特旗
gb	200712	150622	准格尔旗
gb	200712	150623	鄂托克前旗
gb	200712	150624	鄂托克旗
gb	200712	150625	杭锦旗
gb	200712	150626	乌审旗
gb	200712	150627	伊金霍洛旗
gb	200712	150700	呼伦贝尔市
gb	200712	150701	市辖区
gb	200712	150702	海拉尔区
gb	200712	150721	阿荣旗
gb	200712	150722	莫力达瓦达斡尔族自治旗
gb	200712	150723	鄂伦春自治旗
gb	200712	150724	鄂温克族自治旗
gb	200712	150725	陈巴尔虎旗
gb	200712	150726	新巴尔虎左旗
gb	200712	150727	新巴尔虎右旗
gb	200712	150781	满洲里市
gb	200712	150782	牙克石市
gb	200712	150783	扎兰屯市
gb	200712	150784	额尔古纳市
gb	200712	150785	根河市
gb	200712	150800	巴彦淖尔市
gb	200712	150801	市辖区
gb	200712	150802	临河区
gb	200712	150821	五原县
gb	200712	150822	磴口县
gb	200712	150823	乌拉特前旗
gb	200712	150824	乌拉特中旗
gb	200712	150825	乌拉特后旗
gb	200712	150826	杭锦后旗
gb	200712	150900	乌兰察布市
gb	200712	150901	市辖区
gb	200712	150902	集宁区
gb	200712	150921	卓资县
gb	200712	150922	化德县
gb	200712	150923	商都县
gb	200712	150924	兴和县
gb	200712	150925	凉城县
gb	200712	150926	察哈尔右翼前旗
gb	200712	150927	察哈尔右翼中旗
gb	200712	150928	察哈尔右翼后旗
gb	200712	150929	四子王旗
gb	200712	150981	丰镇市
gb	200712	152200	兴安盟
gb	200712	152201	乌兰浩特市
gb	200712	152202	阿尔山市
gb	200712	152221	科尔沁右翼前旗
gb	200712	152222	科尔沁右翼中旗
gb	200712	152223	扎赉特旗
gb	200712	152224	突泉县
gb	200712	152500	锡林郭勒盟
gb	200712	152501	二连浩特市
gb	200712	152502	锡林浩特市
gb	200712	152522	阿巴嘎旗
gb	200712	152523	苏尼特左旗
gb	200712	152524	苏尼特右旗
gb	200712	152525	东乌珠穆沁旗
gb	200712	152526	西乌珠穆沁旗
gb	200712	152527	太仆寺旗
gb	200712	152528	镶黄旗
gb	200712	152529	正镶白旗
gb	200712	152530	正蓝旗
gb	200712	152531	多伦县
gb	200712	152900	阿拉善盟
gb	200712	152921	阿拉善左旗
gb	200712	152922	阿拉善右旗
gb	200712	152923	额济纳旗
gb	200712	210000	辽宁省
gb	200712	210100	沈阳市
gb	200712	210101	市辖区
gb	200712	210102	和平区
gb	200712	210103	沈河区
gb	200712	210104	大东区
gb	200712	210105	皇姑区
gb	200712	210106	铁西区
gb	200712	210111	苏家屯区
gb	200712	210112	东陵区
gb	200712	210113	沈北新区
gb	200712	210114	于洪区
gb	200712	210122	辽中县
gb	200712	210123	康平县
gb	200712	210124	法库县
gb	200712	210181	新民市
gb	200712	210200	大连市
gb	200712	210201	市辖区
gb	200712	210202	中山区
gb	200712	210203	西岗区
gb	200712	210204	沙河口区
gb	200712	210211	甘井子区
gb	200712	210212	旅顺口区
gb	200712	210213	金州区
gb	200712	210224	长海县
gb	200712	210281	瓦房店市
gb	200712	210282	普兰店市
gb	200712	210283	庄河市
gb	200712	210300	鞍山市
gb	200712	210301	市辖区
gb	200712	210302	铁东区
gb	200712	210303	铁西区
gb	200712	210304	立山区
gb	200712	210311	千山区
gb	200712	210321	台安县
gb	200712	210323	岫岩满族自治县
gb	200712	210381	海城市
gb	200712	210400	抚顺市
gb	200712	210401	市辖区
gb	200712	210402	新抚区
gb	200712	210403	东洲区
gb	200712	210404	望花区
gb	200712	210411	顺城区
gb	200712	210421	抚顺县
gb	200712	210422	新宾满族自治县
gb	200712	210423	清原满族自治县
gb	200712	210500	本溪市
gb	200712	210501	市辖区
gb	200712	210502	平山区
gb	200712	210503	溪湖区
gb	200712	210504	明山区
gb	200712	210505	南芬区
gb	200712	210521	本溪满族自治县
gb	200712	210522	桓仁满族自治县
gb	200712	210600	丹东市
gb	200712	210601	市辖区
gb	200712	210602	元宝区
gb	200712	210603	振兴区
gb	200712	210604	振安区
gb	200712	210624	宽甸满族自治县
gb	200712	210681	东港市
gb	200712	210682	凤城市
gb	200712	210700	锦州市
gb	200712	210701	市辖区
gb	200712	210702	古塔区
gb	200712	210703	凌河区
gb	200712	210711	太和区
gb	200712	210726	黑山县
gb	200712	210727	义县
gb	200712	210781	凌海市
gb	200712	210782	北镇市
gb	200712	210800	营口市
gb	200712	210801	市辖区
gb	200712	210802	站前区
gb	200712	210803	西市区
gb	200712	210804	鲅鱼圈区
gb	200712	210811	老边区
gb	200712	210881	盖州市
gb	200712	210882	大石桥市
gb	200712	210900	阜新市
gb	200712	210901	市辖区
gb	200712	210902	海州区
gb	200712	210903	新邱区
gb	200712	210904	太平区
gb	200712	210905	清河门区
gb	200712	210911	细河区
gb	200712	210921	阜新蒙古族自治县
gb	200712	210922	彰武县
gb	200712	211000	辽阳市
gb	200712	211001	市辖区
gb	200712	211002	白塔区
gb	200712	211003	文圣区
gb	200712	211004	宏伟区
gb	200712	211005	弓长岭区
gb	200712	211011	太子河区
gb	200712	211021	辽阳县
gb	200712	211081	灯塔市
gb	200712	211100	盘锦市
gb	200712	211101	市辖区
gb	200712	211102	双台子区
gb	200712	211103	兴隆台区
gb	200712	211121	大洼县
gb	200712	211122	盘山县
gb	200712	211200	铁岭市
gb	200712	211201	市辖区
gb	200712	211202	银州区
gb	200712	211204	清河区
gb	200712	211221	铁岭县
gb	200712	211223	西丰县
gb	200712	211224	昌图县
gb	200712	211281	调兵山市
gb	200712	211282	开原市
gb	200712	211300	朝阳市
gb	200712	211301	市辖区
gb	200712	211302	双塔区
gb	200712	211303	龙城区
gb	200712	211321	朝阳县
gb	200712	211322	建平县
gb	200712	211324	喀喇沁左翼蒙古族自治县
gb	200712	211381	北票市
gb	200712	211382	凌源市
gb	200712	211400	葫芦岛市
gb	200712	211401	市辖区
gb	200712	211402	连山区
gb	200712	211403	龙港区
gb	200712	211404	南票区
gb	200712	211421	绥中县
gb	200712	211422	建昌县
gb	200712	211481	兴城市
gb	200712	220000	吉林省
gb	200712	220100	长春市
gb	200712	220101	市辖区
gb	200712	220102	南关区
gb	200712	220103	宽城区
gb	200712	220104	朝阳区
gb	200712	220105	二道区
gb	200712	220106	绿园区
gb	200712	220112	双阳区
gb	200712	220122	农安县
gb	200712	220181	九台市
gb	200712	220182	榆树市
gb	200712	220183	德惠市
gb	200712	220200	吉林市
gb	200712	220201	市辖区
gb	200712	220202	昌邑区
gb	200712	220203	龙潭区
gb	200712	220204	船营区
gb	200712	220211	丰满区
gb	200712	220221	永吉县
gb	200712	220281	蛟河市
gb	200712	220282	桦甸市
gb	200712	220283	舒兰市
gb	200712	220284	磐石市
gb	200712	220300	四平市
gb	200712	220301	市辖区
gb	200712	220302	铁西区
gb	200712	220303	铁东区
gb	200712	220322	梨树县
gb	200712	220323	伊通满族自治县
gb	200712	220381	公主岭市
gb	200712	220382	双辽市
gb	200712	220400	辽源市
gb	200712	220401	市辖区
gb	200712	220402	龙山区
gb	200712	220403	西安区
gb	200712	220421	东丰县
gb	200712	220422	东辽县
gb	200712	220500	通化市
gb	200712	220501	市辖区
gb	200712	220502	东昌区
gb	200712	220503	二道江区
gb	200712	220521	通化县
gb	200712	220523	辉南县
gb	200712	220524	柳河县
gb	200712	220581	梅河口市
gb	200712	220582	集安市
gb	200712	220600	白山市
gb	200712	220601	市辖区
gb	200712	220602	八道江区
gb	200712	220605	江源区
gb	200712	220621	抚松县
gb	200712	220622	靖宇县
gb	200712	220623	长白朝鲜族自治县
gb	200712	220681	临江市
gb	200712	220700	松原市
gb	200712	220701	市辖区
gb	200712	220702	宁江区
gb	200712	220721	前郭尔罗斯蒙古族自治县
gb	200712	220722	长岭县
gb	200712	220723	乾安县
gb	200712	220724	扶余县
gb	200712	220800	白城市
gb	200712	220801	市辖区
gb	200712	220802	洮北区
gb	200712	220821	镇赉县
gb	200712	220822	通榆县
gb	200712	220881	洮南市
gb	200712	220882	大安市
gb	200712	222400	延边朝鲜族自治州
gb	200712	222401	延吉市
gb	200712	222402	图们市
gb	200712	222403	敦化市
gb	200712	222404	珲春市
gb	200712	222405	龙井市
gb	200712	222406	和龙市
gb	200712	222424	汪清县
gb	200712	222426	安图县
gb	200712	230000	黑龙江省
gb	200712	230100	哈尔滨市
gb	200712	230101	市辖区
gb	200712	230102	道里区
gb	200712	230103	南岗区
gb	200712	230104	道外区
gb	200712	230108	平房区
gb	200712	230109	松北区
gb	200712	230110	香坊区
gb	200712	230111	呼兰区
gb	200712	230112	阿城区
gb	200712	230123	依兰县
gb	200712	230124	方正县
gb	200712	230125	宾县
gb	200712	230126	巴彦县
gb	200712	230127	木兰县
gb	200712	230128	通河县
gb	200712	230129	延寿县
gb	200712	230182	双城市
gb	200712	230183	尚志市
gb	200712	230184	五常市
gb	200712	230200	齐齐哈尔市
gb	200712	230201	市辖区
gb	200712	230202	龙沙区
gb	200712	230203	建华区
gb	200712	230204	铁锋区
gb	200712	230205	昂昂溪区
gb	200712	230206	富拉尔基区
gb	200712	230207	碾子山区
gb	200712	230208	梅里斯达斡尔族区
gb	200712	230221	龙江县
gb	200712	230223	依安县
gb	200712	230224	泰来县
gb	200712	230225	甘南县
gb	200712	230227	富裕县
gb	200712	230229	克山县
gb	200712	230230	克东县
gb	200712	230231	拜泉县
gb	200712	230281	讷河市
gb	200712	230300	鸡西市
gb	200712	230301	市辖区
gb	200712	230302	鸡冠区
gb	200712	230303	恒山区
gb	200712	230304	滴道区
gb	200712	230305	梨树区
gb	200712	230306	城子河区
gb	200712	230307	麻山区
gb	200712	230321	鸡东县
gb	200712	230381	虎林市
gb	200712	230382	密山市
gb	200712	230400	鹤岗市
gb	200712	230401	市辖区
gb	200712	230402	向阳区
gb	200712	230403	工农区
gb	200712	230404	南山区
gb	200712	230405	兴安区
gb	200712	230406	东山区
gb	200712	230407	兴山区
gb	200712	230421	萝北县
gb	200712	230422	绥滨县
gb	200712	230500	双鸭山市
gb	200712	230501	市辖区
gb	200712	230502	尖山区
gb	200712	230503	岭东区
gb	200712	230505	四方台区
gb	200712	230506	宝山区
gb	200712	230521	集贤县
gb	200712	230522	友谊县
gb	200712	230523	宝清县
gb	200712	230524	饶河县
gb	200712	230600	大庆市
gb	200712	230601	市辖区
gb	200712	230602	萨尔图区
gb	200712	230603	龙凤区
gb	200712	230604	让胡路区
gb	200712	230605	红岗区
gb	200712	230606	大同区
gb	200712	230621	肇州县
gb	200712	230622	肇源县
gb	200712	230623	林甸县
gb	200712	230624	杜尔伯特蒙古族自治县
gb	200712	230700	伊春市
gb	200712	230701	市辖区
gb	200712	230702	伊春区
gb	200712	230703	南岔区
gb	200712	230704	友好区
gb	200712	230705	西林区
gb	200712	230706	翠峦区
gb	200712	230707	新青区
gb	200712	230708	美溪区
gb	200712	230709	金山屯区
gb	200712	230710	五营区
gb	200712	230711	乌马河区
gb	200712	230712	汤旺河区
gb	200712	230713	带岭区
gb	200712	230714	乌伊岭区
gb	200712	230715	红星区
gb	200712	230716	上甘岭区
gb	200712	230722	嘉荫县
gb	200712	230781	铁力市
gb	200712	230800	佳木斯市
gb	200712	230801	市辖区
gb	200712	230803	向阳区
gb	200712	230804	前进区
gb	200712	230805	东风区
gb	200712	230811	郊区
gb	200712	230822	桦南县
gb	200712	230826	桦川县
gb	200712	230828	汤原县
gb	200712	230833	抚远县
gb	200712	230881	同江市
gb	200712	230882	富锦市
gb	200712	230900	七台河市
gb	200712	230901	市辖区
gb	200712	230902	新兴区
gb	200712	230903	桃山区
gb	200712	230904	茄子河区
gb	200712	230921	勃利县
gb	200712	231000	牡丹江市
gb	200712	231001	市辖区
gb	200712	231002	东安区
gb	200712	231003	阳明区
gb	200712	231004	爱民区
gb	200712	231005	西安区
gb	200712	231024	东宁县
gb	200712	231025	林口县
gb	200712	231081	绥芬河市
gb	200712	231083	海林市
gb	200712	231084	宁安市
gb	200712	231085	穆棱市
gb	200712	231100	黑河市
gb	200712	231101	市辖区
gb	200712	231102	爱辉区
gb	200712	231121	嫩江县
gb	200712	231123	逊克县
gb	200712	231124	孙吴县
gb	200712	231181	北安市
gb	200712	231182	五大连池市
gb	200712	231200	绥化市
gb	200712	231201	市辖区
gb	200712	231202	北林区
gb	200712	231221	望奎县
gb	200712	231222	兰西县
gb	200712	231223	青冈县
gb	200712	231224	庆安县
gb	200712	231225	明水县
gb	200712	231226	绥棱县
gb	200712	231281	安达市
gb	200712	231282	肇东市
gb	200712	231283	海伦市
gb	200712	232700	大兴安岭地区
gb	200712	232701	加格达奇区
gb	200712	232702	松岭区
gb	200712	232703	新林区
gb	200712	232704	呼中区
gb	200712	232721	呼玛县
gb	200712	232722	塔河县
gb	200712	232723	漠河县
gb	200712	310000	上海市
gb	200712	310100	市辖区
gb	200712	310101	黄浦区
gb	200712	310103	卢湾区
gb	200712	310104	徐汇区
gb	200712	310105	长宁区
gb	200712	310106	静安区
gb	200712	310107	普陀区
gb	200712	310108	闸北区
gb	200712	310109	虹口区
gb	200712	310110	杨浦区
gb	200712	310112	闵行区
gb	200712	310113	宝山区
gb	200712	310114	嘉定区
gb	200712	310115	浦东新区
gb	200712	310116	金山区
gb	200712	310117	松江区
gb	200712	310118	青浦区
gb	200712	310119	南汇区
gb	200712	310120	奉贤区
gb	200712	310200	县
gb	200712	310230	崇明县
gb	200712	320000	江苏省
gb	200712	320100	南京市
gb	200712	320101	市辖区
gb	200712	320102	玄武区
gb	200712	320103	白下区
gb	200712	320104	秦淮区
gb	200712	320105	建邺区
gb	200712	320106	鼓楼区
gb	200712	320107	下关区
gb	200712	320111	浦口区
gb	200712	320113	栖霞区
gb	200712	320114	雨花台区
gb	200712	320115	江宁区
gb	200712	320116	六合区
gb	200712	320124	溧水县
gb	200712	320125	高淳县
gb	200712	320200	无锡市
gb	200712	320201	市辖区
gb	200712	320202	崇安区
gb	200712	320203	南长区
gb	200712	320204	北塘区
gb	200712	320205	锡山区
gb	200712	320206	惠山区
gb	200712	320211	滨湖区
gb	200712	320281	江阴市
gb	200712	320282	宜兴市
gb	200712	320300	徐州市
gb	200712	320301	市辖区
gb	200712	320302	鼓楼区
gb	200712	320303	云龙区
gb	200712	320304	九里区
gb	200712	320305	贾汪区
gb	200712	320311	泉山区
gb	200712	320321	丰县
gb	200712	320322	沛县
gb	200712	320323	铜山县
gb	200712	320324	睢宁县
gb	200712	320381	新沂市
gb	200712	320382	邳州市
gb	200712	320400	常州市
gb	200712	320401	市辖区
gb	200712	320402	天宁区
gb	200712	320404	钟楼区
gb	200712	320405	戚墅堰区
gb	200712	320411	新北区
gb	200712	320412	武进区
gb	200712	320481	溧阳市
gb	200712	320482	金坛市
gb	200712	320500	苏州市
gb	200712	320501	市辖区
gb	200712	320502	沧浪区
gb	200712	320503	平江区
gb	200712	320504	金阊区
gb	200712	320505	虎丘区
gb	200712	320506	吴中区
gb	200712	320507	相城区
gb	200712	320581	常熟市
gb	200712	320582	张家港市
gb	200712	320583	昆山市
gb	200712	320584	吴江市
gb	200712	320585	太仓市
gb	200712	320600	南通市
gb	200712	320601	市辖区
gb	200712	320602	崇川区
gb	200712	320611	港闸区
gb	200712	320621	海安县
gb	200712	320623	如东县
gb	200712	320681	启东市
gb	200712	320682	如皋市
gb	200712	320683	通州市
gb	200712	320684	海门市
gb	200712	320700	连云港市
gb	200712	320701	市辖区
gb	200712	320703	连云区
gb	200712	320705	新浦区
gb	200712	320706	海州区
gb	200712	320721	赣榆县
gb	200712	320722	东海县
gb	200712	320723	灌云县
gb	200712	320724	灌南县
gb	200712	320800	淮安市
gb	200712	320801	市辖区
gb	200712	320802	清河区
gb	200712	320803	楚州区
gb	200712	320804	淮阴区
gb	200712	320811	清浦区
gb	200712	320826	涟水县
gb	200712	320829	洪泽县
gb	200712	320830	盱眙县
gb	200712	320831	金湖县
gb	200712	320900	盐城市
gb	200712	320901	市辖区
gb	200712	320902	亭湖区
gb	200712	320903	盐都区
gb	200712	320921	响水县
gb	200712	320922	滨海县
gb	200712	320923	阜宁县
gb	200712	320924	射阳县
gb	200712	320925	建湖县
gb	200712	320981	东台市
gb	200712	320982	大丰市
gb	200712	321000	扬州市
gb	200712	321001	市辖区
gb	200712	321002	广陵区
gb	200712	321003	邗江区
gb	200712	321011	维扬区
gb	200712	321023	宝应县
gb	200712	321081	仪征市
gb	200712	321084	高邮市
gb	200712	321088	江都市
gb	200712	321100	镇江市
gb	200712	321101	市辖区
gb	200712	321102	京口区
gb	200712	321111	润州区
gb	200712	321112	丹徒区
gb	200712	321181	丹阳市
gb	200712	321182	扬中市
gb	200712	321183	句容市
gb	200712	321200	泰州市
gb	200712	321201	市辖区
gb	200712	321202	海陵区
gb	200712	321203	高港区
gb	200712	321281	兴化市
gb	200712	321282	靖江市
gb	200712	321283	泰兴市
gb	200712	321284	姜堰市
gb	200712	321300	宿迁市
gb	200712	321301	市辖区
gb	200712	321302	宿城区
gb	200712	321311	宿豫区
gb	200712	321322	沭阳县
gb	200712	321323	泗阳县
gb	200712	321324	泗洪县
gb	200712	330000	浙江省
gb	200712	330100	杭州市
gb	200712	330101	市辖区
gb	200712	330102	上城区
gb	200712	330103	下城区
gb	200712	330104	江干区
gb	200712	330105	拱墅区
gb	200712	330106	西湖区
gb	200712	330108	滨江区
gb	200712	330109	萧山区
gb	200712	330110	余杭区
gb	200712	330122	桐庐县
gb	200712	330127	淳安县
gb	200712	330182	建德市
gb	200712	330183	富阳市
gb	200712	330185	临安市
gb	200712	330200	宁波市
gb	200712	330201	市辖区
gb	200712	330203	海曙区
gb	200712	330204	江东区
gb	200712	330205	江北区
gb	200712	330206	北仑区
gb	200712	330211	镇海区
gb	200712	330212	鄞州区
gb	200712	330225	象山县
gb	200712	330226	宁海县
gb	200712	330281	余姚市
gb	200712	330282	慈溪市
gb	200712	330283	奉化市
gb	200712	330300	温州市
gb	200712	330301	市辖区
gb	200712	330302	鹿城区
gb	200712	330303	龙湾区
gb	200712	330304	瓯海区
gb	200712	330322	洞头县
gb	200712	330324	永嘉县
gb	200712	330326	平阳县
gb	200712	330327	苍南县
gb	200712	330328	文成县
gb	200712	330329	泰顺县
gb	200712	330381	瑞安市
gb	200712	330382	乐清市
gb	200712	330400	嘉兴市
gb	200712	330401	市辖区
gb	200712	330402	南湖区
gb	200712	330411	秀洲区
gb	200712	330421	嘉善县
gb	200712	330424	海盐县
gb	200712	330481	海宁市
gb	200712	330482	平湖市
gb	200712	330483	桐乡市
gb	200712	330500	湖州市
gb	200712	330501	市辖区
gb	200712	330502	吴兴区
gb	200712	330503	南浔区
gb	200712	330521	德清县
gb	200712	330522	长兴县
gb	200712	330523	安吉县
gb	200712	330600	绍兴市
gb	200712	330601	市辖区
gb	200712	330602	越城区
gb	200712	330621	绍兴县
gb	200712	330624	新昌县
gb	200712	330681	诸暨市
gb	200712	330682	上虞市
gb	200712	330683	嵊州市
gb	200712	330700	金华市
gb	200712	330701	市辖区
gb	200712	330702	婺城区
gb	200712	330703	金东区
gb	200712	330723	武义县
gb	200712	330726	浦江县
gb	200712	330727	磐安县
gb	200712	330781	兰溪市
gb	200712	330782	义乌市
gb	200712	330783	东阳市
gb	200712	330784	永康市
gb	200712	330800	衢州市
gb	200712	330801	市辖区
gb	200712	330802	柯城区
gb	200712	330803	衢江区
gb	200712	330822	常山县
gb	200712	330824	开化县
gb	200712	330825	龙游县
gb	200712	330881	江山市
gb	200712	330900	舟山市
gb	200712	330901	市辖区
gb	200712	330902	定海区
gb	200712	330903	普陀区
gb	200712	330921	岱山县
gb	200712	330922	嵊泗县
gb	200712	331000	台州市
gb	200712	331001	市辖区
gb	200712	331002	椒江区
gb	200712	331003	黄岩区
gb	200712	331004	路桥区
gb	200712	331021	玉环县
gb	200712	331022	三门县
gb	200712	331023	天台县
gb	200712	331024	仙居县
gb	200712	331081	温岭市
gb	200712	331082	临海市
gb	200712	331100	丽水市
gb	200712	331101	市辖区
gb	200712	331102	莲都区
gb	200712	331121	青田县
gb	200712	331122	缙云县
gb	200712	331123	遂昌县
gb	200712	331124	松阳县
gb	200712	331125	云和县
gb	200712	331126	庆元县
gb	200712	331127	景宁畲族自治县
gb	200712	331181	龙泉市
gb	200712	340000	安徽省
gb	200712	340100	合肥市
gb	200712	340101	市辖区
gb	200712	340102	瑶海区
gb	200712	340103	庐阳区
gb	200712	340104	蜀山区
gb	200712	340111	包河区
gb	200712	340121	长丰县
gb	200712	340122	肥东县
gb	200712	340123	肥西县
gb	200712	340200	芜湖市
gb	200712	340201	市辖区
gb	200712	340202	镜湖区
gb	200712	340203	弋江区
gb	200712	340207	鸠江区
gb	200712	340208	三山区
gb	200712	340221	芜湖县
gb	200712	340222	繁昌县
gb	200712	340223	南陵县
gb	200712	340300	蚌埠市
gb	200712	340301	市辖区
gb	200712	340302	龙子湖区
gb	200712	340303	蚌山区
gb	200712	340304	禹会区
gb	200712	340311	淮上区
gb	200712	340321	怀远县
gb	200712	340322	五河县
gb	200712	340323	固镇县
gb	200712	340400	淮南市
gb	200712	340401	市辖区
gb	200712	340402	大通区
gb	200712	340403	田家庵区
gb	200712	340404	谢家集区
gb	200712	340405	八公山区
gb	200712	340406	潘集区
gb	200712	340421	凤台县
gb	200712	340500	马鞍山市
gb	200712	340501	市辖区
gb	200712	340502	金家庄区
gb	200712	340503	花山区
gb	200712	340504	雨山区
gb	200712	340521	当涂县
gb	200712	340600	淮北市
gb	200712	340601	市辖区
gb	200712	340602	杜集区
gb	200712	340603	相山区
gb	200712	340604	烈山区
gb	200712	340621	濉溪县
gb	200712	340700	铜陵市
gb	200712	340701	市辖区
gb	200712	340702	铜官山区
gb	200712	340703	狮子山区
gb	200712	340711	郊区
gb	200712	340721	铜陵县
gb	200712	340800	安庆市
gb	200712	340801	市辖区
gb	200712	340802	迎江区
gb	200712	340803	大观区
gb	200712	340811	宜秀区
gb	200712	340822	怀宁县
gb	200712	340823	枞阳县
gb	200712	340824	潜山县
gb	200712	340825	太湖县
gb	200712	340826	宿松县
gb	200712	340827	望江县
gb	200712	340828	岳西县
gb	200712	340881	桐城市
gb	200712	341000	黄山市
gb	200712	341001	市辖区
gb	200712	341002	屯溪区
gb	200712	341003	黄山区
gb	200712	341004	徽州区
gb	200712	341021	歙县
gb	200712	341022	休宁县
gb	200712	341023	黟县
gb	200712	341024	祁门县
gb	200712	341100	滁州市
gb	200712	341101	市辖区
gb	200712	341102	琅琊区
gb	200712	341103	南谯区
gb	200712	341122	来安县
gb	200712	341124	全椒县
gb	200712	341125	定远县
gb	200712	341126	凤阳县
gb	200712	341181	天长市
gb	200712	341182	明光市
gb	200712	341200	阜阳市
gb	200712	341201	市辖区
gb	200712	341202	颍州区
gb	200712	341203	颍东区
gb	200712	341204	颍泉区
gb	200712	341221	临泉县
gb	200712	341222	太和县
gb	200712	341225	阜南县
gb	200712	341226	颍上县
gb	200712	341282	界首市
gb	200712	341300	宿州市
gb	200712	341301	市辖区
gb	200712	341302	埇桥区
gb	200712	341321	砀山县
gb	200712	341322	萧县
gb	200712	341323	灵璧县
gb	200712	341324	泗县
gb	200712	341400	巢湖市
gb	200712	341401	市辖区
gb	200712	341402	居巢区
gb	200712	341421	庐江县
gb	200712	341422	无为县
gb	200712	341423	含山县
gb	200712	341424	和县
gb	200712	341500	六安市
gb	200712	341501	市辖区
gb	200712	341502	金安区
gb	200712	341503	裕安区
gb	200712	341521	寿县
gb	200712	341522	霍邱县
gb	200712	341523	舒城县
gb	200712	341524	金寨县
gb	200712	341525	霍山县
gb	200712	341600	亳州市
gb	200712	341601	市辖区
gb	200712	341602	谯城区
gb	200712	341621	涡阳县
gb	200712	341622	蒙城县
gb	200712	341623	利辛县
gb	200712	341700	池州市
gb	200712	341701	市辖区
gb	200712	341702	贵池区
gb	200712	341721	东至县
gb	200712	341722	石台县
gb	200712	341723	青阳县
gb	200712	341800	宣城市
gb	200712	341801	市辖区
gb	200712	341802	宣州区
gb	200712	341821	郎溪县
gb	200712	341822	广德县
gb	200712	341823	泾县
gb	200712	341824	绩溪县
gb	200712	341825	旌德县
gb	200712	341881	宁国市
gb	200712	350000	福建省
gb	200712	350100	福州市
gb	200712	350101	市辖区
gb	200712	350102	鼓楼区
gb	200712	350103	台江区
gb	200712	350104	仓山区
gb	200712	350105	马尾区
gb	200712	350111	晋安区
gb	200712	350121	闽侯县
gb	200712	350122	连江县
gb	200712	350123	罗源县
gb	200712	350124	闽清县
gb	200712	350125	永泰县
gb	200712	350128	平潭县
gb	200712	350181	福清市
gb	200712	350182	长乐市
gb	200712	350200	厦门市
gb	200712	350201	市辖区
gb	200712	350203	思明区
gb	200712	350205	海沧区
gb	200712	350206	湖里区
gb	200712	350211	集美区
gb	200712	350212	同安区
gb	200712	350213	翔安区
gb	200712	350300	莆田市
gb	200712	350301	市辖区
gb	200712	350302	城厢区
gb	200712	350303	涵江区
gb	200712	350304	荔城区
gb	200712	350305	秀屿区
gb	200712	350322	仙游县
gb	200712	350400	三明市
gb	200712	350401	市辖区
gb	200712	350402	梅列区
gb	200712	350403	三元区
gb	200712	350421	明溪县
gb	200712	350423	清流县
gb	200712	350424	宁化县
gb	200712	350425	大田县
gb	200712	350426	尤溪县
gb	200712	350427	沙县
gb	200712	350428	将乐县
gb	200712	350429	泰宁县
gb	200712	350430	建宁县
gb	200712	350481	永安市
gb	200712	350500	泉州市
gb	200712	350501	市辖区
gb	200712	350502	鲤城区
gb	200712	350503	丰泽区
gb	200712	350504	洛江区
gb	200712	350505	泉港区
gb	200712	350521	惠安县
gb	200712	350524	安溪县
gb	200712	350525	永春县
gb	200712	350526	德化县
gb	200712	350527	金门县
gb	200712	350581	石狮市
gb	200712	350582	晋江市
gb	200712	350583	南安市
gb	200712	350600	漳州市
gb	200712	350601	市辖区
gb	200712	350602	芗城区
gb	200712	350603	龙文区
gb	200712	350622	云霄县
gb	200712	350623	漳浦县
gb	200712	350624	诏安县
gb	200712	350625	长泰县
gb	200712	350626	东山县
gb	200712	350627	南靖县
gb	200712	350628	平和县
gb	200712	350629	华安县
gb	200712	350681	龙海市
gb	200712	350700	南平市
gb	200712	350701	市辖区
gb	200712	350702	延平区
gb	200712	350721	顺昌县
gb	200712	350722	浦城县
gb	200712	350723	光泽县
gb	200712	350724	松溪县
gb	200712	350725	政和县
gb	200712	350781	邵武市
gb	200712	350782	武夷山市
gb	200712	350783	建瓯市
gb	200712	350784	建阳市
gb	200712	350800	龙岩市
gb	200712	350801	市辖区
gb	200712	350802	新罗区
gb	200712	350821	长汀县
gb	200712	350822	永定县
gb	200712	350823	上杭县
gb	200712	350824	武平县
gb	200712	350825	连城县
gb	200712	350881	漳平市
gb	200712	350900	宁德市
gb	200712	350901	市辖区
gb	200712	350902	蕉城区
gb	200712	350921	霞浦县
gb	200712	350922	古田县
gb	200712	350923	屏南县
gb	200712	350924	寿宁县
gb	200712	350925	周宁县
gb	200712	350926	柘荣县
gb	200712	350981	福安市
gb	200712	350982	福鼎市
gb	200712	360000	江西省
gb	200712	360100	南昌市
gb	200712	360101	市辖区
gb	200712	360102	东湖区
gb	200712	360103	西湖区
gb	200712	360104	青云谱区
gb	200712	360105	湾里区
gb	200712	360111	青山湖区
gb	200712	360121	南昌县
gb	200712	360122	新建县
gb	200712	360123	安义县
gb	200712	360124	进贤县
gb	200712	360200	景德镇市
gb	200712	360201	市辖区
gb	200712	360202	昌江区
gb	200712	360203	珠山区
gb	200712	360222	浮梁县
gb	200712	360281	乐平市
gb	200712	360300	萍乡市
gb	200712	360301	市辖区
gb	200712	360302	安源区
gb	200712	360313	湘东区
gb	200712	360321	莲花县
gb	200712	360322	上栗县
gb	200712	360323	芦溪县
gb	200712	360400	九江市
gb	200712	360401	市辖区
gb	200712	360402	庐山区
gb	200712	360403	浔阳区
gb	200712	360421	九江县
gb	200712	360423	武宁县
gb	200712	360424	修水县
gb	200712	360425	永修县
gb	200712	360426	德安县
gb	200712	360427	星子县
gb	200712	360428	都昌县
gb	200712	360429	湖口县
gb	200712	360430	彭泽县
gb	200712	360481	瑞昌市
gb	200712	360500	新余市
gb	200712	360501	市辖区
gb	200712	360502	渝水区
gb	200712	360521	分宜县
gb	200712	360600	鹰潭市
gb	200712	360601	市辖区
gb	200712	360602	月湖区
gb	200712	360622	余江县
gb	200712	360681	贵溪市
gb	200712	360700	赣州市
gb	200712	360701	市辖区
gb	200712	360702	章贡区
gb	200712	360721	赣县
gb	200712	360722	信丰县
gb	200712	360723	大余县
gb	200712	360724	上犹县
gb	200712	360725	崇义县
gb	200712	360726	安远县
gb	200712	360727	龙南县
gb	200712	360728	定南县
gb	200712	360729	全南县
gb	200712	360730	宁都县
gb	200712	360731	于都县
gb	200712	360732	兴国县
gb	200712	360733	会昌县
gb	200712	360734	寻乌县
gb	200712	360735	石城县
gb	200712	360781	瑞金市
gb	200712	360782	南康市
gb	200712	360800	吉安市
gb	200712	360801	市辖区
gb	200712	360802	吉州区
gb	200712	360803	青原区
gb	200712	360821	吉安县
gb	200712	360822	吉水县
gb	200712	360823	峡江县
gb	200712	360824	新干县
gb	200712	360825	永丰县
gb	200712	360826	泰和县
gb	200712	360827	遂川县
gb	200712	360828	万安县
gb	200712	360829	安福县
gb	200712	360830	永新县
gb	200712	360881	井冈山市
gb	200712	360900	宜春市
gb	200712	360901	市辖区
gb	200712	360902	袁州区
gb	200712	360921	奉新县
gb	200712	360922	万载县
gb	200712	360923	上高县
gb	200712	360924	宜丰县
gb	200712	360925	靖安县
gb	200712	360926	铜鼓县
gb	200712	360981	丰城市
gb	200712	360982	樟树市
gb	200712	360983	高安市
gb	200712	361000	抚州市
gb	200712	361001	市辖区
gb	200712	361002	临川区
gb	200712	361021	南城县
gb	200712	361022	黎川县
gb	200712	361023	南丰县
gb	200712	361024	崇仁县
gb	200712	361025	乐安县
gb	200712	361026	宜黄县
gb	200712	361027	金溪县
gb	200712	361028	资溪县
gb	200712	361029	东乡县
gb	200712	361030	广昌县
gb	200712	361100	上饶市
gb	200712	361101	市辖区
gb	200712	361102	信州区
gb	200712	361121	上饶县
gb	200712	361122	广丰县
gb	200712	361123	玉山县
gb	200712	361124	铅山县
gb	200712	361125	横峰县
gb	200712	361126	弋阳县
gb	200712	361127	余干县
gb	200712	361128	鄱阳县
gb	200712	361129	万年县
gb	200712	361130	婺源县
gb	200712	361181	德兴市
gb	200712	370000	山东省
gb	200712	370100	济南市
gb	200712	370101	市辖区
gb	200712	370102	历下区
gb	200712	370103	市中区
gb	200712	370104	槐荫区
gb	200712	370105	天桥区
gb	200712	370112	历城区
gb	200712	370113	长清区
gb	200712	370124	平阴县
gb	200712	370125	济阳县
gb	200712	370126	商河县
gb	200712	370181	章丘市
gb	200712	370200	青岛市
gb	200712	370201	市辖区
gb	200712	370202	市南区
gb	200712	370203	市北区
gb	200712	370205	四方区
gb	200712	370211	黄岛区
gb	200712	370212	崂山区
gb	200712	370213	李沧区
gb	200712	370214	城阳区
gb	200712	370281	胶州市
gb	200712	370282	即墨市
gb	200712	370283	平度市
gb	200712	370284	胶南市
gb	200712	370285	莱西市
gb	200712	370300	淄博市
gb	200712	370301	市辖区
gb	200712	370302	淄川区
gb	200712	370303	张店区
gb	200712	370304	博山区
gb	200712	370305	临淄区
gb	200712	370306	周村区
gb	200712	370321	桓台县
gb	200712	370322	高青县
gb	200712	370323	沂源县
gb	200712	370400	枣庄市
gb	200712	370401	市辖区
gb	200712	370402	市中区
gb	200712	370403	薛城区
gb	200712	370404	峄城区
gb	200712	370405	台儿庄区
gb	200712	370406	山亭区
gb	200712	370481	滕州市
gb	200712	370500	东营市
gb	200712	370501	市辖区
gb	200712	370502	东营区
gb	200712	370503	河口区
gb	200712	370521	垦利县
gb	200712	370522	利津县
gb	200712	370523	广饶县
gb	200712	370600	烟台市
gb	200712	370601	市辖区
gb	200712	370602	芝罘区
gb	200712	370611	福山区
gb	200712	370612	牟平区
gb	200712	370613	莱山区
gb	200712	370634	长岛县
gb	200712	370681	龙口市
gb	200712	370682	莱阳市
gb	200712	370683	莱州市
gb	200712	370684	蓬莱市
gb	200712	370685	招远市
gb	200712	370686	栖霞市
gb	200712	370687	海阳市
gb	200712	370700	潍坊市
gb	200712	370701	市辖区
gb	200712	370702	潍城区
gb	200712	370703	寒亭区
gb	200712	370704	坊子区
gb	200712	370705	奎文区
gb	200712	370724	临朐县
gb	200712	370725	昌乐县
gb	200712	370781	青州市
gb	200712	370782	诸城市
gb	200712	370783	寿光市
gb	200712	370784	安丘市
gb	200712	370785	高密市
gb	200712	370786	昌邑市
gb	200712	370800	济宁市
gb	200712	370801	市辖区
gb	200712	370802	市中区
gb	200712	370811	任城区
gb	200712	370826	微山县
gb	200712	370827	鱼台县
gb	200712	370828	金乡县
gb	200712	370829	嘉祥县
gb	200712	370830	汶上县
gb	200712	370831	泗水县
gb	200712	370832	梁山县
gb	200712	370881	曲阜市
gb	200712	370882	兖州市
gb	200712	370883	邹城市
gb	200712	370900	泰安市
gb	200712	370901	市辖区
gb	200712	370902	泰山区
gb	200712	370911	岱岳区
gb	200712	370921	宁阳县
gb	200712	370923	东平县
gb	200712	370982	新泰市
gb	200712	370983	肥城市
gb	200712	371000	威海市
gb	200712	371001	市辖区
gb	200712	371002	环翠区
gb	200712	371081	文登市
gb	200712	371082	荣成市
gb	200712	371083	乳山市
gb	200712	371100	日照市
gb	200712	371101	市辖区
gb	200712	371102	东港区
gb	200712	371103	岚山区
gb	200712	371121	五莲县
gb	200712	371122	莒县
gb	200712	371200	莱芜市
gb	200712	371201	市辖区
gb	200712	371202	莱城区
gb	200712	371203	钢城区
gb	200712	371300	临沂市
gb	200712	371301	市辖区
gb	200712	371302	兰山区
gb	200712	371311	罗庄区
gb	200712	371312	河东区
gb	200712	371321	沂南县
gb	200712	371322	郯城县
gb	200712	371323	沂水县
gb	200712	371324	苍山县
gb	200712	371325	费县
gb	200712	371326	平邑县
gb	200712	371327	莒南县
gb	200712	371328	蒙阴县
gb	200712	371329	临沭县
gb	200712	371400	德州市
gb	200712	371401	市辖区
gb	200712	371402	德城区
gb	200712	371421	陵县
gb	200712	371422	宁津县
gb	200712	371423	庆云县
gb	200712	371424	临邑县
gb	200712	371425	齐河县
gb	200712	371426	平原县
gb	200712	371427	夏津县
gb	200712	371428	武城县
gb	200712	371481	乐陵市
gb	200712	371482	禹城市
gb	200712	371500	聊城市
gb	200712	371501	市辖区
gb	200712	371502	东昌府区
gb	200712	371521	阳谷县
gb	200712	371522	莘县
gb	200712	371523	茌平县
gb	200712	371524	东阿县
gb	200712	371525	冠县
gb	200712	371526	高唐县
gb	200712	371581	临清市
gb	200712	371600	滨州市
gb	200712	371601	市辖区
gb	200712	371602	滨城区
gb	200712	371621	惠民县
gb	200712	371622	阳信县
gb	200712	371623	无棣县
gb	200712	371624	沾化县
gb	200712	371625	博兴县
gb	200712	371626	邹平县
gb	200712	371700	菏泽市
gb	200712	371701	市辖区
gb	200712	371702	牡丹区
gb	200712	371721	曹县
gb	200712	371722	单县
gb	200712	371723	成武县
gb	200712	371724	巨野县
gb	200712	371725	郓城县
gb	200712	371726	鄄城县
gb	200712	371727	定陶县
gb	200712	371728	东明县
gb	200712	410000	河南省
gb	200712	410100	郑州市
gb	200712	410101	市辖区
gb	200712	410102	中原区
gb	200712	410103	二七区
gb	200712	410104	管城回族区
gb	200712	410105	金水区
gb	200712	410106	上街区
gb	200712	410108	惠济区
gb	200712	410122	中牟县
gb	200712	410181	巩义市
gb	200712	410182	荥阳市
gb	200712	410183	新密市
gb	200712	410184	新郑市
gb	200712	410185	登封市
gb	200712	410200	开封市
gb	200712	410201	市辖区
gb	200712	410202	龙亭区
gb	200712	410203	顺河回族区
gb	200712	410204	鼓楼区
gb	200712	410205	禹王台区
gb	200712	410211	金明区
gb	200712	410221	杞县
gb	200712	410222	通许县
gb	200712	410223	尉氏县
gb	200712	410224	开封县
gb	200712	410225	兰考县
gb	200712	410300	洛阳市
gb	200712	410301	市辖区
gb	200712	410302	老城区
gb	200712	410303	西工区
gb	200712	410304	瀍河回族区
gb	200712	410305	涧西区
gb	200712	410306	吉利区
gb	200712	410311	洛龙区
gb	200712	410322	孟津县
gb	200712	410323	新安县
gb	200712	410324	栾川县
gb	200712	410325	嵩县
gb	200712	410326	汝阳县
gb	200712	410327	宜阳县
gb	200712	410328	洛宁县
gb	200712	410329	伊川县
gb	200712	410381	偃师市
gb	200712	410400	平顶山市
gb	200712	410401	市辖区
gb	200712	410402	新华区
gb	200712	410403	卫东区
gb	200712	410404	石龙区
gb	200712	410411	湛河区
gb	200712	410421	宝丰县
gb	200712	410422	叶县
gb	200712	410423	鲁山县
gb	200712	410425	郏县
gb	200712	410481	舞钢市
gb	200712	410482	汝州市
gb	200712	410500	安阳市
gb	200712	410501	市辖区
gb	200712	410502	文峰区
gb	200712	410503	北关区
gb	200712	410505	殷都区
gb	200712	410506	龙安区
gb	200712	410522	安阳县
gb	200712	410523	汤阴县
gb	200712	410526	滑县
gb	200712	410527	内黄县
gb	200712	410581	林州市
gb	200712	410600	鹤壁市
gb	200712	410601	市辖区
gb	200712	410602	鹤山区
gb	200712	410603	山城区
gb	200712	410611	淇滨区
gb	200712	410621	浚县
gb	200712	410622	淇县
gb	200712	410700	新乡市
gb	200712	410701	市辖区
gb	200712	410702	红旗区
gb	200712	410703	卫滨区
gb	200712	410704	凤泉区
gb	200712	410711	牧野区
gb	200712	410721	新乡县
gb	200712	410724	获嘉县
gb	200712	410725	原阳县
gb	200712	410726	延津县
gb	200712	410727	封丘县
gb	200712	410728	长垣县
gb	200712	410781	卫辉市
gb	200712	410782	辉县市
gb	200712	410800	焦作市
gb	200712	410801	市辖区
gb	200712	410802	解放区
gb	200712	410803	中站区
gb	200712	410804	马村区
gb	200712	410811	山阳区
gb	200712	410821	修武县
gb	200712	410822	博爱县
gb	200712	410823	武陟县
gb	200712	410825	温县
gb	200712	410881	济源市
gb	200712	410882	沁阳市
gb	200712	410883	孟州市
gb	200712	410900	濮阳市
gb	200712	410901	市辖区
gb	200712	410902	华龙区
gb	200712	410922	清丰县
gb	200712	410923	南乐县
gb	200712	410926	范县
gb	200712	410927	台前县
gb	200712	410928	濮阳县
gb	200712	411000	许昌市
gb	200712	411001	市辖区
gb	200712	411002	魏都区
gb	200712	411023	许昌县
gb	200712	411024	鄢陵县
gb	200712	411025	襄城县
gb	200712	411081	禹州市
gb	200712	411082	长葛市
gb	200712	411100	漯河市
gb	200712	411101	市辖区
gb	200712	411102	源汇区
gb	200712	411103	郾城区
gb	200712	411104	召陵区
gb	200712	411121	舞阳县
gb	200712	411122	临颍县
gb	200712	411200	三门峡市
gb	200712	411201	市辖区
gb	200712	411202	湖滨区
gb	200712	411221	渑池县
gb	200712	411222	陕县
gb	200712	411224	卢氏县
gb	200712	411281	义马市
gb	200712	411282	灵宝市
gb	200712	411300	南阳市
gb	200712	411301	市辖区
gb	200712	411302	宛城区
gb	200712	411303	卧龙区
gb	200712	411321	南召县
gb	200712	411322	方城县
gb	200712	411323	西峡县
gb	200712	411324	镇平县
gb	200712	411325	内乡县
gb	200712	411326	淅川县
gb	200712	411327	社旗县
gb	200712	411328	唐河县
gb	200712	411329	新野县
gb	200712	411330	桐柏县
gb	200712	411381	邓州市
gb	200712	411400	商丘市
gb	200712	411401	市辖区
gb	200712	411402	梁园区
gb	200712	411403	睢阳区
gb	200712	411421	民权县
gb	200712	411422	睢县
gb	200712	411423	宁陵县
gb	200712	411424	柘城县
gb	200712	411425	虞城县
gb	200712	411426	夏邑县
gb	200712	411481	永城市
gb	200712	411500	信阳市
gb	200712	411501	市辖区
gb	200712	411502	浉河区
gb	200712	411503	平桥区
gb	200712	411521	罗山县
gb	200712	411522	光山县
gb	200712	411523	新县
gb	200712	411524	商城县
gb	200712	411525	固始县
gb	200712	411526	潢川县
gb	200712	411527	淮滨县
gb	200712	411528	息县
gb	200712	411600	周口市
gb	200712	411601	市辖区
gb	200712	411602	川汇区
gb	200712	411621	扶沟县
gb	200712	411622	西华县
gb	200712	411623	商水县
gb	200712	411624	沈丘县
gb	200712	411625	郸城县
gb	200712	411626	淮阳县
gb	200712	411627	太康县
gb	200712	411628	鹿邑县
gb	200712	411681	项城市
gb	200712	411700	驻马店市
gb	200712	411701	市辖区
gb	200712	411702	驿城区
gb	200712	411721	西平县
gb	200712	411722	上蔡县
gb	200712	411723	平舆县
gb	200712	411724	正阳县
gb	200712	411725	确山县
gb	200712	411726	泌阳县
gb	200712	411727	汝南县
gb	200712	411728	遂平县
gb	200712	411729	新蔡县
gb	200712	420000	湖北省
gb	200712	420100	武汉市
gb	200712	420101	市辖区
gb	200712	420102	江岸区
gb	200712	420103	江汉区
gb	200712	420104	硚口区
gb	200712	420105	汉阳区
gb	200712	420106	武昌区
gb	200712	420107	青山区
gb	200712	420111	洪山区
gb	200712	420112	东西湖区
gb	200712	420113	汉南区
gb	200712	420114	蔡甸区
gb	200712	420115	江夏区
gb	200712	420116	黄陂区
gb	200712	420117	新洲区
gb	200712	420200	黄石市
gb	200712	420201	市辖区
gb	200712	420202	黄石港区
gb	200712	420203	西塞山区
gb	200712	420204	下陆区
gb	200712	420205	铁山区
gb	200712	420222	阳新县
gb	200712	420281	大冶市
gb	200712	420300	十堰市
gb	200712	420301	市辖区
gb	200712	420302	茅箭区
gb	200712	420303	张湾区
gb	200712	420321	郧县
gb	200712	420322	郧西县
gb	200712	420323	竹山县
gb	200712	420324	竹溪县
gb	200712	420325	房县
gb	200712	420381	丹江口市
gb	200712	420500	宜昌市
gb	200712	420501	市辖区
gb	200712	420502	西陵区
gb	200712	420503	伍家岗区
gb	200712	420504	点军区
gb	200712	420505	猇亭区
gb	200712	420506	夷陵区
gb	200712	420525	远安县
gb	200712	420526	兴山县
gb	200712	420527	秭归县
gb	200712	420528	长阳土家族自治县
gb	200712	420529	五峰土家族自治县
gb	200712	420581	宜都市
gb	200712	420582	当阳市
gb	200712	420583	枝江市
gb	200712	420600	襄樊市
gb	200712	420601	市辖区
gb	200712	420602	襄城区
gb	200712	420606	樊城区
gb	200712	420607	襄阳区
gb	200712	420624	南漳县
gb	200712	420625	谷城县
gb	200712	420626	保康县
gb	200712	420682	老河口市
gb	200712	420683	枣阳市
gb	200712	420684	宜城市
gb	200712	420700	鄂州市
gb	200712	420701	市辖区
gb	200712	420702	梁子湖区
gb	200712	420703	华容区
gb	200712	420704	鄂城区
gb	200712	420800	荆门市
gb	200712	420801	市辖区
gb	200712	420802	东宝区
gb	200712	420804	掇刀区
gb	200712	420821	京山县
gb	200712	420822	沙洋县
gb	200712	420881	钟祥市
gb	200712	420900	孝感市
gb	200712	420901	市辖区
gb	200712	420902	孝南区
gb	200712	420921	孝昌县
gb	200712	420922	大悟县
gb	200712	420923	云梦县
gb	200712	420981	应城市
gb	200712	420982	安陆市
gb	200712	420984	汉川市
gb	200712	421000	荆州市
gb	200712	421001	市辖区
gb	200712	421002	沙市区
gb	200712	421003	荆州区
gb	200712	421022	公安县
gb	200712	421023	监利县
gb	200712	421024	江陵县
gb	200712	421081	石首市
gb	200712	421083	洪湖市
gb	200712	421087	松滋市
gb	200712	421100	黄冈市
gb	200712	421101	市辖区
gb	200712	421102	黄州区
gb	200712	421121	团风县
gb	200712	421122	红安县
gb	200712	421123	罗田县
gb	200712	421124	英山县
gb	200712	421125	浠水县
gb	200712	421126	蕲春县
gb	200712	421127	黄梅县
gb	200712	421181	麻城市
gb	200712	421182	武穴市
gb	200712	421200	咸宁市
gb	200712	421201	市辖区
gb	200712	421202	咸安区
gb	200712	421221	嘉鱼县
gb	200712	421222	通城县
gb	200712	421223	崇阳县
gb	200712	421224	通山县
gb	200712	421281	赤壁市
gb	200712	421300	随州市
gb	200712	421301	市辖区
gb	200712	421302	曾都区
gb	200712	421381	广水市
gb	200712	422800	恩施土家族苗族自治州
gb	200712	422801	恩施市
gb	200712	422802	利川市
gb	200712	422822	建始县
gb	200712	422823	巴东县
gb	200712	422825	宣恩县
gb	200712	422826	咸丰县
gb	200712	422827	来凤县
gb	200712	422828	鹤峰县
gb	200712	429000	省直辖县级行政单位
gb	200712	429004	仙桃市
gb	200712	429005	潜江市
gb	200712	429006	天门市
gb	200712	429021	神农架林区
gb	200712	430000	湖南省
gb	200712	430100	长沙市
gb	200712	430101	市辖区
gb	200712	430102	芙蓉区
gb	200712	430103	天心区
gb	200712	430104	岳麓区
gb	200712	430105	开福区
gb	200712	430111	雨花区
gb	200712	430121	长沙县
gb	200712	430122	望城县
gb	200712	430124	宁乡县
gb	200712	430181	浏阳市
gb	200712	430200	株洲市
gb	200712	430201	市辖区
gb	200712	430202	荷塘区
gb	200712	430203	芦淞区
gb	200712	430204	石峰区
gb	200712	430211	天元区
gb	200712	430221	株洲县
gb	200712	430223	攸县
gb	200712	430224	茶陵县
gb	200712	430225	炎陵县
gb	200712	430281	醴陵市
gb	200712	430300	湘潭市
gb	200712	430301	市辖区
gb	200712	430302	雨湖区
gb	200712	430304	岳塘区
gb	200712	430321	湘潭县
gb	200712	430381	湘乡市
gb	200712	430382	韶山市
gb	200712	430400	衡阳市
gb	200712	430401	市辖区
gb	200712	430405	珠晖区
gb	200712	430406	雁峰区
gb	200712	430407	石鼓区
gb	200712	430408	蒸湘区
gb	200712	430412	南岳区
gb	200712	430421	衡阳县
gb	200712	430422	衡南县
gb	200712	430423	衡山县
gb	200712	430424	衡东县
gb	200712	430426	祁东县
gb	200712	430481	耒阳市
gb	200712	430482	常宁市
gb	200712	430500	邵阳市
gb	200712	430501	市辖区
gb	200712	430502	双清区
gb	200712	430503	大祥区
gb	200712	430511	北塔区
gb	200712	430521	邵东县
gb	200712	430522	新邵县
gb	200712	430523	邵阳县
gb	200712	430524	隆回县
gb	200712	430525	洞口县
gb	200712	430527	绥宁县
gb	200712	430528	新宁县
gb	200712	430529	城步苗族自治县
gb	200712	430581	武冈市
gb	200712	430600	岳阳市
gb	200712	430601	市辖区
gb	200712	430602	岳阳楼区
gb	200712	430603	云溪区
gb	200712	430611	君山区
gb	200712	430621	岳阳县
gb	200712	430623	华容县
gb	200712	430624	湘阴县
gb	200712	430626	平江县
gb	200712	430681	汨罗市
gb	200712	430682	临湘市
gb	200712	430700	常德市
gb	200712	430701	市辖区
gb	200712	430702	武陵区
gb	200712	430703	鼎城区
gb	200712	430721	安乡县
gb	200712	430722	汉寿县
gb	200712	430723	澧县
gb	200712	430724	临澧县
gb	200712	430725	桃源县
gb	200712	430726	石门县
gb	200712	430781	津市市
gb	200712	430800	张家界市
gb	200712	430801	市辖区
gb	200712	430802	永定区
gb	200712	430811	武陵源区
gb	200712	430821	慈利县
gb	200712	430822	桑植县
gb	200712	430900	益阳市
gb	200712	430901	市辖区
gb	200712	430902	资阳区
gb	200712	430903	赫山区
gb	200712	430921	南县
gb	200712	430922	桃江县
gb	200712	430923	安化县
gb	200712	430981	沅江市
gb	200712	431000	郴州市
gb	200712	431001	市辖区
gb	200712	431002	北湖区
gb	200712	431003	苏仙区
gb	200712	431021	桂阳县
gb	200712	431022	宜章县
gb	200712	431023	永兴县
gb	200712	431024	嘉禾县
gb	200712	431025	临武县
gb	200712	431026	汝城县
gb	200712	431027	桂东县
gb	200712	431028	安仁县
gb	200712	431081	资兴市
gb	200712	431100	永州市
gb	200712	431101	市辖区
gb	200712	431102	零陵区
gb	200712	431103	冷水滩区
gb	200712	431121	祁阳县
gb	200712	431122	东安县
gb	200712	431123	双牌县
gb	200712	431124	道县
gb	200712	431125	江永县
gb	200712	431126	宁远县
gb	200712	431127	蓝山县
gb	200712	431128	新田县
gb	200712	431129	江华瑶族自治县
gb	200712	431200	怀化市
gb	200712	431201	市辖区
gb	200712	431202	鹤城区
gb	200712	431221	中方县
gb	200712	431222	沅陵县
gb	200712	431223	辰溪县
gb	200712	431224	溆浦县
gb	200712	431225	会同县
gb	200712	431226	麻阳苗族自治县
gb	200712	431227	新晃侗族自治县
gb	200712	431228	芷江侗族自治县
gb	200712	431229	靖州苗族侗族自治县
gb	200712	431230	通道侗族自治县
gb	200712	431281	洪江市
gb	200712	431300	娄底市
gb	200712	431301	市辖区
gb	200712	431302	娄星区
gb	200712	431321	双峰县
gb	200712	431322	新化县
gb	200712	431381	冷水江市
gb	200712	431382	涟源市
gb	200712	433100	湘西土家族苗族自治州
gb	200712	433101	吉首市
gb	200712	433122	泸溪县
gb	200712	433123	凤凰县
gb	200712	433124	花垣县
gb	200712	433125	保靖县
gb	200712	433126	古丈县
gb	200712	433127	永顺县
gb	200712	433130	龙山县
gb	200712	440000	广东省
gb	200712	440100	广州市
gb	200712	440101	市辖区
gb	200712	440103	荔湾区
gb	200712	440104	越秀区
gb	200712	440105	海珠区
gb	200712	440106	天河区
gb	200712	440111	白云区
gb	200712	440112	黄埔区
gb	200712	440113	番禺区
gb	200712	440114	花都区
gb	200712	440115	南沙区
gb	200712	440116	萝岗区
gb	200712	440183	增城市
gb	200712	440184	从化市
gb	200712	440200	韶关市
gb	200712	440201	市辖区
gb	200712	440203	武江区
gb	200712	440204	浈江区
gb	200712	440205	曲江区
gb	200712	440222	始兴县
gb	200712	440224	仁化县
gb	200712	440229	翁源县
gb	200712	440232	乳源瑶族自治县
gb	200712	440233	新丰县
gb	200712	440281	乐昌市
gb	200712	440282	南雄市
gb	200712	440300	深圳市
gb	200712	440301	市辖区
gb	200712	440303	罗湖区
gb	200712	440304	福田区
gb	200712	440305	南山区
gb	200712	440306	宝安区
gb	200712	440307	龙岗区
gb	200712	440308	盐田区
gb	200712	440400	珠海市
gb	200712	440401	市辖区
gb	200712	440402	香洲区
gb	200712	440403	斗门区
gb	200712	440404	金湾区
gb	200712	440500	汕头市
gb	200712	440501	市辖区
gb	200712	440507	龙湖区
gb	200712	440511	金平区
gb	200712	440512	濠江区
gb	200712	440513	潮阳区
gb	200712	440514	潮南区
gb	200712	440515	澄海区
gb	200712	440523	南澳县
gb	200712	440600	佛山市
gb	200712	440601	市辖区
gb	200712	440604	禅城区
gb	200712	440605	南海区
gb	200712	440606	顺德区
gb	200712	440607	三水区
gb	200712	440608	高明区
gb	200712	440700	江门市
gb	200712	440701	市辖区
gb	200712	440703	蓬江区
gb	200712	440704	江海区
gb	200712	440705	新会区
gb	200712	440781	台山市
gb	200712	440783	开平市
gb	200712	440784	鹤山市
gb	200712	440785	恩平市
gb	200712	440800	湛江市
gb	200712	440801	市辖区
gb	200712	440802	赤坎区
gb	200712	440803	霞山区
gb	200712	440804	坡头区
gb	200712	440811	麻章区
gb	200712	440823	遂溪县
gb	200712	440825	徐闻县
gb	200712	440881	廉江市
gb	200712	440882	雷州市
gb	200712	440883	吴川市
gb	200712	440900	茂名市
gb	200712	440901	市辖区
gb	200712	440902	茂南区
gb	200712	440903	茂港区
gb	200712	440923	电白县
gb	200712	440981	高州市
gb	200712	440982	化州市
gb	200712	440983	信宜市
gb	200712	441200	肇庆市
gb	200712	441201	市辖区
gb	200712	441202	端州区
gb	200712	441203	鼎湖区
gb	200712	441223	广宁县
gb	200712	441224	怀集县
gb	200712	441225	封开县
gb	200712	441226	德庆县
gb	200712	441283	高要市
gb	200712	441284	四会市
gb	200712	441300	惠州市
gb	200712	441301	市辖区
gb	200712	441302	惠城区
gb	200712	441303	惠阳区
gb	200712	441322	博罗县
gb	200712	441323	惠东县
gb	200712	441324	龙门县
gb	200712	441400	梅州市
gb	200712	441401	市辖区
gb	200712	441402	梅江区
gb	200712	441421	梅县
gb	200712	441422	大埔县
gb	200712	441423	丰顺县
gb	200712	441424	五华县
gb	200712	441426	平远县
gb	200712	441427	蕉岭县
gb	200712	441481	兴宁市
gb	200712	441500	汕尾市
gb	200712	441501	市辖区
gb	200712	441502	城区
gb	200712	441521	海丰县
gb	200712	441523	陆河县
gb	200712	441581	陆丰市
gb	200712	441600	河源市
gb	200712	441601	市辖区
gb	200712	441602	源城区
gb	200712	441621	紫金县
gb	200712	441622	龙川县
gb	200712	441623	连平县
gb	200712	441624	和平县
gb	200712	441625	东源县
gb	200712	441700	阳江市
gb	200712	441701	市辖区
gb	200712	441702	江城区
gb	200712	441721	阳西县
gb	200712	441723	阳东县
gb	200712	441781	阳春市
gb	200712	441800	清远市
gb	200712	441801	市辖区
gb	200712	441802	清城区
gb	200712	441821	佛冈县
gb	200712	441823	阳山县
gb	200712	441825	连山壮族瑶族自治县
gb	200712	441826	连南瑶族自治县
gb	200712	441827	清新县
gb	200712	441881	英德市
gb	200712	441882	连州市
gb	200712	441900	东莞市
gb	200712	442000	中山市
gb	200712	445100	潮州市
gb	200712	445101	市辖区
gb	200712	445102	湘桥区
gb	200712	445121	潮安县
gb	200712	445122	饶平县
gb	200712	445200	揭阳市
gb	200712	445201	市辖区
gb	200712	445202	榕城区
gb	200712	445221	揭东县
gb	200712	445222	揭西县
gb	200712	445224	惠来县
gb	200712	445281	普宁市
gb	200712	445300	云浮市
gb	200712	445301	市辖区
gb	200712	445302	云城区
gb	200712	445321	新兴县
gb	200712	445322	郁南县
gb	200712	445323	云安县
gb	200712	445381	罗定市
gb	200712	450000	广西壮族自治区
gb	200712	450100	南宁市
gb	200712	450101	市辖区
gb	200712	450102	兴宁区
gb	200712	450103	青秀区
gb	200712	450105	江南区
gb	200712	450107	西乡塘区
gb	200712	450108	良庆区
gb	200712	450109	邕宁区
gb	200712	450122	武鸣县
gb	200712	450123	隆安县
gb	200712	450124	马山县
gb	200712	450125	上林县
gb	200712	450126	宾阳县
gb	200712	450127	横县
gb	200712	450200	柳州市
gb	200712	450201	市辖区
gb	200712	450202	城中区
gb	200712	450203	鱼峰区
gb	200712	450204	柳南区
gb	200712	450205	柳北区
gb	200712	450221	柳江县
gb	200712	450222	柳城县
gb	200712	450223	鹿寨县
gb	200712	450224	融安县
gb	200712	450225	融水苗族自治县
gb	200712	450226	三江侗族自治县
gb	200712	450300	桂林市
gb	200712	450301	市辖区
gb	200712	450302	秀峰区
gb	200712	450303	叠彩区
gb	200712	450304	象山区
gb	200712	450305	七星区
gb	200712	450311	雁山区
gb	200712	450321	阳朔县
gb	200712	450322	临桂县
gb	200712	450323	灵川县
gb	200712	450324	全州县
gb	200712	450325	兴安县
gb	200712	450326	永福县
gb	200712	450327	灌阳县
gb	200712	450328	龙胜各族自治县
gb	200712	450329	资源县
gb	200712	450330	平乐县
gb	200712	450331	荔蒲县
gb	200712	450332	恭城瑶族自治县
gb	200712	450400	梧州市
gb	200712	450401	市辖区
gb	200712	450403	万秀区
gb	200712	450404	蝶山区
gb	200712	450405	长洲区
gb	200712	450421	苍梧县
gb	200712	450422	藤县
gb	200712	450423	蒙山县
gb	200712	450481	岑溪市
gb	200712	450500	北海市
gb	200712	450501	市辖区
gb	200712	450502	海城区
gb	200712	450503	银海区
gb	200712	450512	铁山港区
gb	200712	450521	合浦县
gb	200712	450600	防城港市
gb	200712	450601	市辖区
gb	200712	450602	港口区
gb	200712	450603	防城区
gb	200712	450621	上思县
gb	200712	450681	东兴市
gb	200712	450700	钦州市
gb	200712	450701	市辖区
gb	200712	450702	钦南区
gb	200712	450703	钦北区
gb	200712	450721	灵山县
gb	200712	450722	浦北县
gb	200712	450800	贵港市
gb	200712	450801	市辖区
gb	200712	450802	港北区
gb	200712	450803	港南区
gb	200712	450804	覃塘区
gb	200712	450821	平南县
gb	200712	450881	桂平市
gb	200712	450900	玉林市
gb	200712	450901	市辖区
gb	200712	450902	玉州区
gb	200712	450921	容县
gb	200712	450922	陆川县
gb	200712	450923	博白县
gb	200712	450924	兴业县
gb	200712	450981	北流市
gb	200712	451000	百色市
gb	200712	451001	市辖区
gb	200712	451002	右江区
gb	200712	451021	田阳县
gb	200712	451022	田东县
gb	200712	451023	平果县
gb	200712	451024	德保县
gb	200712	451025	靖西县
gb	200712	451026	那坡县
gb	200712	451027	凌云县
gb	200712	451028	乐业县
gb	200712	451029	田林县
gb	200712	451030	西林县
gb	200712	451031	隆林各族自治县
gb	200712	451100	贺州市
gb	200712	451101	市辖区
gb	200712	451102	八步区
gb	200712	451121	昭平县
gb	200712	451122	钟山县
gb	200712	451123	富川瑶族自治县
gb	200712	451200	河池市
gb	200712	451201	市辖区
gb	200712	451202	金城江区
gb	200712	451221	南丹县
gb	200712	451222	天峨县
gb	200712	451223	凤山县
gb	200712	451224	东兰县
gb	200712	451225	罗城仫佬族自治县
gb	200712	451226	环江毛南族自治县
gb	200712	451227	巴马瑶族自治县
gb	200712	451228	都安瑶族自治县
gb	200712	451229	大化瑶族自治县
gb	200712	451281	宜州市
gb	200712	451300	来宾市
gb	200712	451301	市辖区
gb	200712	451302	兴宾区
gb	200712	451321	忻城县
gb	200712	451322	象州县
gb	200712	451323	武宣县
gb	200712	451324	金秀瑶族自治县
gb	200712	451381	合山市
gb	200712	451400	崇左市
gb	200712	451401	市辖区
gb	200712	451402	江洲区
gb	200712	451421	扶绥县
gb	200712	451422	宁明县
gb	200712	451423	龙州县
gb	200712	451424	大新县
gb	200712	451425	天等县
gb	200712	451481	凭祥市
gb	200712	460000	海南省
gb	200712	460100	海口市
gb	200712	460101	市辖区
gb	200712	460105	秀英区
gb	200712	460106	龙华区
gb	200712	460107	琼山区
gb	200712	460108	美兰区
gb	200712	460200	三亚市
gb	200712	460201	市辖区
gb	200712	469000	省直辖县级行政单位
gb	200712	469001	五指山市
gb	200712	469002	琼海市
gb	200712	469003	儋州市
gb	200712	469005	文昌市
gb	200712	469006	万宁市
gb	200712	469007	东方市
gb	200712	469021	定安县
gb	200712	469022	屯昌县
gb	200712	469023	澄迈县
gb	200712	469024	临高县
gb	200712	469025	白沙黎族自治县
gb	200712	469026	昌江黎族自治县
gb	200712	469027	乐东黎族自治县
gb	200712	469028	陵水黎族自治县
gb	200712	469029	保亭黎族苗族自治县
gb	200712	469030	琼中黎族苗族自治县
gb	200712	469031	西沙群岛
gb	200712	469032	南沙群岛
gb	200712	469033	中沙群岛的岛礁及其海域
gb	200712	500000	重庆市
gb	200712	500100	市辖区
gb	200712	500101	万州区
gb	200712	500102	涪陵区
gb	200712	500103	渝中区
gb	200712	500104	大渡口区
gb	200712	500105	江北区
gb	200712	500106	沙坪坝区
gb	200712	500107	九龙坡区
gb	200712	500108	南岸区
gb	200712	500109	北碚区
gb	200712	500110	万盛区
gb	200712	500111	双桥区
gb	200712	500112	渝北区
gb	200712	500113	巴南区
gb	200712	500114	黔江区
gb	200712	500115	长寿区
gb	200712	500116	江津区
gb	200712	500117	合川区
gb	200712	500118	永川区
gb	200712	500119	南川区
gb	200712	500200	县
gb	200712	500222	綦江县
gb	200712	500223	潼南县
gb	200712	500224	铜梁县
gb	200712	500225	大足县
gb	200712	500226	荣昌县
gb	200712	500227	璧山县
gb	200712	500228	梁平县
gb	200712	500229	城口县
gb	200712	500230	丰都县
gb	200712	500231	垫江县
gb	200712	500232	武隆县
gb	200712	500233	忠县
gb	200712	500234	开县
gb	200712	500235	云阳县
gb	200712	500236	奉节县
gb	200712	500237	巫山县
gb	200712	500238	巫溪县
gb	200712	500240	石柱土家族自治县
gb	200712	500241	秀山土家族苗族自治县
gb	200712	500242	酉阳土家族苗族自治县
gb	200712	500243	彭水苗族土家族自治县
gb	200712	510000	四川省
gb	200712	510100	成都市
gb	200712	510101	市辖区
gb	200712	510104	锦江区
gb	200712	510105	青羊区
gb	200712	510106	金牛区
gb	200712	510107	武侯区
gb	200712	510108	成华区
gb	200712	510112	龙泉驿区
gb	200712	510113	青白江区
gb	200712	510114	新都区
gb	200712	510115	温江区
gb	200712	510121	金堂县
gb	200712	510122	双流县
gb	200712	510124	郫县
gb	200712	510129	大邑县
gb	200712	510131	蒲江县
gb	200712	510132	新津县
gb	200712	510181	都江堰市
gb	200712	510182	彭州市
gb	200712	510183	邛崃市
gb	200712	510184	崇州市
gb	200712	510300	自贡市
gb	200712	510301	市辖区
gb	200712	510302	自流井区
gb	200712	510303	贡井区
gb	200712	510304	大安区
gb	200712	510311	沿滩区
gb	200712	510321	荣县
gb	200712	510322	富顺县
gb	200712	510400	攀枝花市
gb	200712	510401	市辖区
gb	200712	510402	东区
gb	200712	510403	西区
gb	200712	510411	仁和区
gb	200712	510421	米易县
gb	200712	510422	盐边县
gb	200712	510500	泸州市
gb	200712	510501	市辖区
gb	200712	510502	江阳区
gb	200712	510503	纳溪区
gb	200712	510504	龙马潭区
gb	200712	510521	泸县
gb	200712	510522	合江县
gb	200712	510524	叙永县
gb	200712	510525	古蔺县
gb	200712	510600	德阳市
gb	200712	510601	市辖区
gb	200712	510603	旌阳区
gb	200712	510623	中江县
gb	200712	510626	罗江县
gb	200712	510681	广汉市
gb	200712	510682	什邡市
gb	200712	510683	绵竹市
gb	200712	510700	绵阳市
gb	200712	510701	市辖区
gb	200712	510703	涪城区
gb	200712	510704	游仙区
gb	200712	510722	三台县
gb	200712	510723	盐亭县
gb	200712	510724	安县
gb	200712	510725	梓潼县
gb	200712	510726	北川羌族自治县
gb	200712	510727	平武县
gb	200712	510781	江油市
gb	200712	510800	广元市
gb	200712	510801	市辖区
gb	200712	510802	市中区
gb	200712	510811	元坝区
gb	200712	510812	朝天区
gb	200712	510821	旺苍县
gb	200712	510822	青川县
gb	200712	510823	剑阁县
gb	200712	510824	苍溪县
gb	200712	510900	遂宁市
gb	200712	510901	市辖区
gb	200712	510903	船山区
gb	200712	510904	安居区
gb	200712	510921	蓬溪县
gb	200712	510922	射洪县
gb	200712	510923	大英县
gb	200712	511000	内江市
gb	200712	511001	市辖区
gb	200712	511002	市中区
gb	200712	511011	东兴区
gb	200712	511024	威远县
gb	200712	511025	资中县
gb	200712	511028	隆昌县
gb	200712	511100	乐山市
gb	200712	511101	市辖区
gb	200712	511102	市中区
gb	200712	511111	沙湾区
gb	200712	511112	五通桥区
gb	200712	511113	金口河区
gb	200712	511123	犍为县
gb	200712	511124	井研县
gb	200712	511126	夹江县
gb	200712	511129	沐川县
gb	200712	511132	峨边彝族自治县
gb	200712	511133	马边彝族自治县
gb	200712	511181	峨眉山市
gb	200712	511300	南充市
gb	200712	511301	市辖区
gb	200712	511302	顺庆区
gb	200712	511303	高坪区
gb	200712	511304	嘉陵区
gb	200712	511321	南部县
gb	200712	511322	营山县
gb	200712	511323	蓬安县
gb	200712	511324	仪陇县
gb	200712	511325	西充县
gb	200712	511381	阆中市
gb	200712	511400	眉山市
gb	200712	511401	市辖区
gb	200712	511402	东坡区
gb	200712	511421	仁寿县
gb	200712	511422	彭山县
gb	200712	511423	洪雅县
gb	200712	511424	丹棱县
gb	200712	511425	青神县
gb	200712	511500	宜宾市
gb	200712	511501	市辖区
gb	200712	511502	翠屏区
gb	200712	511521	宜宾县
gb	200712	511522	南溪县
gb	200712	511523	江安县
gb	200712	511524	长宁县
gb	200712	511525	高县
gb	200712	511526	珙县
gb	200712	511527	筠连县
gb	200712	511528	兴文县
gb	200712	511529	屏山县
gb	200712	511600	广安市
gb	200712	511601	市辖区
gb	200712	511602	广安区
gb	200712	511621	岳池县
gb	200712	511622	武胜县
gb	200712	511623	邻水县
gb	200712	511681	华蓥市
gb	200712	511700	达州市
gb	200712	511701	市辖区
gb	200712	511702	通川区
gb	200712	511721	达县
gb	200712	511722	宣汉县
gb	200712	511723	开江县
gb	200712	511724	大竹县
gb	200712	511725	渠县
gb	200712	511781	万源市
gb	200712	511800	雅安市
gb	200712	511801	市辖区
gb	200712	511802	雨城区
gb	200712	511821	名山县
gb	200712	511822	荥经县
gb	200712	511823	汉源县
gb	200712	511824	石棉县
gb	200712	511825	天全县
gb	200712	511826	芦山县
gb	200712	511827	宝兴县
gb	200712	511900	巴中市
gb	200712	511901	市辖区
gb	200712	511902	巴州区
gb	200712	511921	通江县
gb	200712	511922	南江县
gb	200712	511923	平昌县
gb	200712	512000	资阳市
gb	200712	512001	市辖区
gb	200712	512002	雁江区
gb	200712	512021	安岳县
gb	200712	512022	乐至县
gb	200712	512081	简阳市
gb	200712	513200	阿坝藏族羌族自治州
gb	200712	513221	汶川县
gb	200712	513222	理县
gb	200712	513223	茂县
gb	200712	513224	松潘县
gb	200712	513225	九寨沟县
gb	200712	513226	金川县
gb	200712	513227	小金县
gb	200712	513228	黑水县
gb	200712	513229	马尔康县
gb	200712	513230	壤塘县
gb	200712	513231	阿坝县
gb	200712	513232	若尔盖县
gb	200712	513233	红原县
gb	200712	513300	甘孜藏族自治州
gb	200712	513321	康定县
gb	200712	513322	泸定县
gb	200712	513323	丹巴县
gb	200712	513324	九龙县
gb	200712	513325	雅江县
gb	200712	513326	道孚县
gb	200712	513327	炉霍县
gb	200712	513328	甘孜县
gb	200712	513329	新龙县
gb	200712	513330	德格县
gb	200712	513331	白玉县
gb	200712	513332	石渠县
gb	200712	513333	色达县
gb	200712	513334	理塘县
gb	200712	513335	巴塘县
gb	200712	513336	乡城县
gb	200712	513337	稻城县
gb	200712	513338	得荣县
gb	200712	513400	凉山彝族自治州
gb	200712	513401	西昌市
gb	200712	513422	木里藏族自治县
gb	200712	513423	盐源县
gb	200712	513424	德昌县
gb	200712	513425	会理县
gb	200712	513426	会东县
gb	200712	513427	宁南县
gb	200712	513428	普格县
gb	200712	513429	布拖县
gb	200712	513430	金阳县
gb	200712	513431	昭觉县
gb	200712	513432	喜德县
gb	200712	513433	冕宁县
gb	200712	513434	越西县
gb	200712	513435	甘洛县
gb	200712	513436	美姑县
gb	200712	513437	雷波县
gb	200712	520000	贵州省
gb	200712	520100	贵阳市
gb	200712	520101	市辖区
gb	200712	520102	南明区
gb	200712	520103	云岩区
gb	200712	520111	花溪区
gb	200712	520112	乌当区
gb	200712	520113	白云区
gb	200712	520114	小河区
gb	200712	520121	开阳县
gb	200712	520122	息烽县
gb	200712	520123	修文县
gb	200712	520181	清镇市
gb	200712	520200	六盘水市
gb	200712	520201	钟山区
gb	200712	520203	六枝特区
gb	200712	520221	水城县
gb	200712	520222	盘县
gb	200712	520300	遵义市
gb	200712	520301	市辖区
gb	200712	520302	红花岗区
gb	200712	520303	汇川区
gb	200712	520321	遵义县
gb	200712	520322	桐梓县
gb	200712	520323	绥阳县
gb	200712	520324	正安县
gb	200712	520325	道真仡佬族苗族自治县
gb	200712	520326	务川仡佬族苗族自治县
gb	200712	520327	凤冈县
gb	200712	520328	湄潭县
gb	200712	520329	余庆县
gb	200712	520330	习水县
gb	200712	520381	赤水市
gb	200712	520382	仁怀市
gb	200712	520400	安顺市
gb	200712	520401	市辖区
gb	200712	520402	西秀区
gb	200712	520421	平坝县
gb	200712	520422	普定县
gb	200712	520423	镇宁布依族苗族自治县
gb	200712	520424	关岭布依族苗族自治县
gb	200712	520425	紫云苗族布依族自治县
gb	200712	522200	铜仁地区
gb	200712	522201	铜仁市
gb	200712	522222	江口县
gb	200712	522223	玉屏侗族自治县
gb	200712	522224	石阡县
gb	200712	522225	思南县
gb	200712	522226	印江土家族苗族自治县
gb	200712	522227	德江县
gb	200712	522228	沿河土家族自治县
gb	200712	522229	松桃苗族自治县
gb	200712	522230	万山特区
gb	200712	522300	黔西南布依族苗族自治州
gb	200712	522301	兴义市
gb	200712	522322	兴仁县
gb	200712	522323	普安县
gb	200712	522324	晴隆县
gb	200712	522325	贞丰县
gb	200712	522326	望谟县
gb	200712	522327	册亨县
gb	200712	522328	安龙县
gb	200712	522400	毕节地区
gb	200712	522401	毕节市
gb	200712	522422	大方县
gb	200712	522423	黔西县
gb	200712	522424	金沙县
gb	200712	522425	织金县
gb	200712	522426	纳雍县
gb	200712	522427	威宁彝族回族苗族自治县
gb	200712	522428	赫章县
gb	200712	522600	黔东南苗族侗族自治州
gb	200712	522601	凯里市
gb	200712	522622	黄平县
gb	200712	522623	施秉县
gb	200712	522624	三穗县
gb	200712	522625	镇远县
gb	200712	522626	岑巩县
gb	200712	522627	天柱县
gb	200712	522628	锦屏县
gb	200712	522629	剑河县
gb	200712	522630	台江县
gb	200712	522631	黎平县
gb	200712	522632	榕江县
gb	200712	522633	从江县
gb	200712	522634	雷山县
gb	200712	522635	麻江县
gb	200712	522636	丹寨县
gb	200712	522700	黔南布依族苗族自治州
gb	200712	522701	都匀市
gb	200712	522702	福泉市
gb	200712	522722	荔波县
gb	200712	522723	贵定县
gb	200712	522725	瓮安县
gb	200712	522726	独山县
gb	200712	522727	平塘县
gb	200712	522728	罗甸县
gb	200712	522729	长顺县
gb	200712	522730	龙里县
gb	200712	522731	惠水县
gb	200712	522732	三都水族自治县
gb	200712	530000	云南省
gb	200712	530100	昆明市
gb	200712	530101	市辖区
gb	200712	530102	五华区
gb	200712	530103	盘龙区
gb	200712	530111	官渡区
gb	200712	530112	西山区
gb	200712	530113	东川区
gb	200712	530121	呈贡县
gb	200712	530122	晋宁县
gb	200712	530124	富民县
gb	200712	530125	宜良县
gb	200712	530126	石林彝族自治县
gb	200712	530127	嵩明县
gb	200712	530128	禄劝彝族苗族自治县
gb	200712	530129	寻甸回族彝族自治县
gb	200712	530181	安宁市
gb	200712	530300	曲靖市
gb	200712	530301	市辖区
gb	200712	530302	麒麟区
gb	200712	530321	马龙县
gb	200712	530322	陆良县
gb	200712	530323	师宗县
gb	200712	530324	罗平县
gb	200712	530325	富源县
gb	200712	530326	会泽县
gb	200712	530328	沾益县
gb	200712	530381	宣威市
gb	200712	530400	玉溪市
gb	200712	530401	市辖区
gb	200712	530402	红塔区
gb	200712	530421	江川县
gb	200712	530422	澄江县
gb	200712	530423	通海县
gb	200712	530424	华宁县
gb	200712	530425	易门县
gb	200712	530426	峨山彝族自治县
gb	200712	530427	新平彝族傣族自治县
gb	200712	530428	元江哈尼族彝族傣族自治县
gb	200712	530500	保山市
gb	200712	530501	市辖区
gb	200712	530502	隆阳区
gb	200712	530521	施甸县
gb	200712	530522	腾冲县
gb	200712	530523	龙陵县
gb	200712	530524	昌宁县
gb	200712	530600	昭通市
gb	200712	530601	市辖区
gb	200712	530602	昭阳区
gb	200712	530621	鲁甸县
gb	200712	530622	巧家县
gb	200712	530623	盐津县
gb	200712	530624	大关县
gb	200712	530625	永善县
gb	200712	530626	绥江县
gb	200712	530627	镇雄县
gb	200712	530628	彝良县
gb	200712	530629	威信县
gb	200712	530630	水富县
gb	200712	530700	丽江市
gb	200712	530701	市辖区
gb	200712	530702	古城区
gb	200712	530721	玉龙纳西族自治县
gb	200712	530722	永胜县
gb	200712	530723	华坪县
gb	200712	530724	宁蒗彝族自治县
gb	200712	530800	普洱市
gb	200712	530801	市辖区
gb	200712	530802	思茅区
gb	200712	530821	宁洱哈尼族彝族自治县
gb	200712	530822	墨江哈尼族自治县
gb	200712	530823	景东彝族自治县
gb	200712	530824	景谷傣族彝族自治县
gb	200712	530825	镇沅彝族哈尼族拉祜族自治县
gb	200712	530826	江城哈尼族彝族自治县
gb	200712	530827	孟连傣族拉祜族佤族自治县
gb	200712	530828	澜沧拉祜族自治县
gb	200712	530829	西盟佤族自治县
gb	200712	530900	临沧市
gb	200712	530901	市辖区
gb	200712	530902	临翔区
gb	200712	530921	凤庆县
gb	200712	530922	云县
gb	200712	530923	永德县
gb	200712	530924	镇康县
gb	200712	530925	双江拉祜族佤族布朗族傣族自治县
gb	200712	530926	耿马傣族佤族自治县
gb	200712	530927	沧源佤族自治县
gb	200712	532300	楚雄彝族自治州
gb	200712	532301	楚雄市
gb	200712	532322	双柏县
gb	200712	532323	牟定县
gb	200712	532324	南华县
gb	200712	532325	姚安县
gb	200712	532326	大姚县
gb	200712	532327	永仁县
gb	200712	532328	元谋县
gb	200712	532329	武定县
gb	200712	532331	禄丰县
gb	200712	532500	红河哈尼族彝族自治州
gb	200712	532501	个旧市
gb	200712	532502	开远市
gb	200712	532522	蒙自县
gb	200712	532523	屏边苗族自治县
gb	200712	532524	建水县
gb	200712	532525	石屏县
gb	200712	532526	弥勒县
gb	200712	532527	泸西县
gb	200712	532528	元阳县
gb	200712	532529	红河县
gb	200712	532530	金平苗族瑶族傣族自治县
gb	200712	532531	绿春县
gb	200712	532532	河口瑶族自治县
gb	200712	532600	文山壮族苗族自治州
gb	200712	532621	文山县
gb	200712	532622	砚山县
gb	200712	532623	西畴县
gb	200712	532624	麻栗坡县
gb	200712	532625	马关县
gb	200712	532626	丘北县
gb	200712	532627	广南县
gb	200712	532628	富宁县
gb	200712	532800	西双版纳傣族自治州
gb	200712	532801	景洪市
gb	200712	532822	勐海县
gb	200712	532823	勐腊县
gb	200712	532900	大理白族自治州
gb	200712	532901	大理市
gb	200712	532922	漾濞彝族自治县
gb	200712	532923	祥云县
gb	200712	532924	宾川县
gb	200712	532925	弥渡县
gb	200712	532926	南涧彝族自治县
gb	200712	532927	巍山彝族回族自治县
gb	200712	532928	永平县
gb	200712	532929	云龙县
gb	200712	532930	洱源县
gb	200712	532931	剑川县
gb	200712	532932	鹤庆县
gb	200712	533100	德宏傣族景颇族自治州
gb	200712	533102	瑞丽市
gb	200712	533103	潞西市
gb	200712	533122	梁河县
gb	200712	533123	盈江县
gb	200712	533124	陇川县
gb	200712	533300	怒江傈僳族自治州
gb	200712	533321	泸水县
gb	200712	533323	福贡县
gb	200712	533324	贡山独龙族怒族自治县
gb	200712	533325	兰坪白族普米族自治县
gb	200712	533400	迪庆藏族自治州
gb	200712	533421	香格里拉县
gb	200712	533422	德钦县
gb	200712	533423	维西傈僳族自治县
gb	200712	540000	西藏自治区
gb	200712	540100	拉萨市
gb	200712	540101	市辖区
gb	200712	540102	城关区
gb	200712	540121	林周县
gb	200712	540122	当雄县
gb	200712	540123	尼木县
gb	200712	540124	曲水县
gb	200712	540125	堆龙德庆县
gb	200712	540126	达孜县
gb	200712	540127	墨竹工卡县
gb	200712	542100	昌都地区
gb	200712	542121	昌都县
gb	200712	542122	江达县
gb	200712	542123	贡觉县
gb	200712	542124	类乌齐县
gb	200712	542125	丁青县
gb	200712	542126	察雅县
gb	200712	542127	八宿县
gb	200712	542128	左贡县
gb	200712	542129	芒康县
gb	200712	542132	洛隆县
gb	200712	542133	边坝县
gb	200712	542200	山南地区
gb	200712	542221	乃东县
gb	200712	542222	扎囊县
gb	200712	542223	贡嘎县
gb	200712	542224	桑日县
gb	200712	542225	琼结县
gb	200712	542226	曲松县
gb	200712	542227	措美县
gb	200712	542228	洛扎县
gb	200712	542229	加查县
gb	200712	542231	隆子县
gb	200712	542232	错那县
gb	200712	542233	浪卡子县
gb	200712	542300	日喀则地区
gb	200712	542301	日喀则市
gb	200712	542322	南木林县
gb	200712	542323	江孜县
gb	200712	542324	定日县
gb	200712	542325	萨迦县
gb	200712	542326	拉孜县
gb	200712	542327	昂仁县
gb	200712	542328	谢通门县
gb	200712	542329	白朗县
gb	200712	542330	仁布县
gb	200712	542331	康马县
gb	200712	542332	定结县
gb	200712	542333	仲巴县
gb	200712	542334	亚东县
gb	200712	542335	吉隆县
gb	200712	542336	聂拉木县
gb	200712	542337	萨嘎县
gb	200712	542338	岗巴县
gb	200712	542400	那曲地区
gb	200712	542421	那曲县
gb	200712	542422	嘉黎县
gb	200712	542423	比如县
gb	200712	542424	聂荣县
gb	200712	542425	安多县
gb	200712	542426	申扎县
gb	200712	542427	索县
gb	200712	542428	班戈县
gb	200712	542429	巴青县
gb	200712	542430	尼玛县
gb	200712	542500	阿里地区
gb	200712	542521	普兰县
gb	200712	542522	札达县
gb	200712	542523	噶尔县
gb	200712	542524	日土县
gb	200712	542525	革吉县
gb	200712	542526	改则县
gb	200712	542527	措勤县
gb	200712	542600	林芝地区
gb	200712	542621	林芝县
gb	200712	542622	工布江达县
gb	200712	542623	米林县
gb	200712	542624	墨脱县
gb	200712	542625	波密县
gb	200712	542626	察隅县
gb	200712	542627	朗县
gb	200712	610000	陕西省
gb	200712	610100	西安市
gb	200712	610101	市辖区
gb	200712	610102	新城区
gb	200712	610103	碑林区
gb	200712	610104	莲湖区
gb	200712	610111	灞桥区
gb	200712	610112	未央区
gb	200712	610113	雁塔区
gb	200712	610114	阎良区
gb	200712	610115	临潼区
gb	200712	610116	长安区
gb	200712	610122	蓝田县
gb	200712	610124	周至县
gb	200712	610125	户县
gb	200712	610126	高陵县
gb	200712	610200	铜川市
gb	200712	610201	市辖区
gb	200712	610202	王益区
gb	200712	610203	印台区
gb	200712	610204	耀州区
gb	200712	610222	宜君县
gb	200712	610300	宝鸡市
gb	200712	610301	市辖区
gb	200712	610302	渭滨区
gb	200712	610303	金台区
gb	200712	610304	陈仓区
gb	200712	610322	凤翔县
gb	200712	610323	岐山县
gb	200712	610324	扶风县
gb	200712	610326	眉县
gb	200712	610327	陇县
gb	200712	610328	千阳县
gb	200712	610329	麟游县
gb	200712	610330	凤县
gb	200712	610331	太白县
gb	200712	610400	咸阳市
gb	200712	610401	市辖区
gb	200712	610402	秦都区
gb	200712	610403	杨凌区
gb	200712	610404	渭城区
gb	200712	610422	三原县
gb	200712	610423	泾阳县
gb	200712	610424	乾县
gb	200712	610425	礼泉县
gb	200712	610426	永寿县
gb	200712	610427	彬县
gb	200712	610428	长武县
gb	200712	610429	旬邑县
gb	200712	610430	淳化县
gb	200712	610431	武功县
gb	200712	610481	兴平市
gb	200712	610500	渭南市
gb	200712	610501	市辖区
gb	200712	610502	临渭区
gb	200712	610521	华县
gb	200712	610522	潼关县
gb	200712	610523	大荔县
gb	200712	610524	合阳县
gb	200712	610525	澄城县
gb	200712	610526	蒲城县
gb	200712	610527	白水县
gb	200712	610528	富平县
gb	200712	610581	韩城市
gb	200712	610582	华阴市
gb	200712	610600	延安市
gb	200712	610601	市辖区
gb	200712	610602	宝塔区
gb	200712	610621	延长县
gb	200712	610622	延川县
gb	200712	610623	子长县
gb	200712	610624	安塞县
gb	200712	610625	志丹县
gb	200712	610626	吴起县
gb	200712	610627	甘泉县
gb	200712	610628	富县
gb	200712	610629	洛川县
gb	200712	610630	宜川县
gb	200712	610631	黄龙县
gb	200712	610632	黄陵县
gb	200712	610700	汉中市
gb	200712	610701	市辖区
gb	200712	610702	汉台区
gb	200712	610721	南郑县
gb	200712	610722	城固县
gb	200712	610723	洋县
gb	200712	610724	西乡县
gb	200712	610725	勉县
gb	200712	610726	宁强县
gb	200712	610727	略阳县
gb	200712	610728	镇巴县
gb	200712	610729	留坝县
gb	200712	610730	佛坪县
gb	200712	610800	榆林市
gb	200712	610801	市辖区
gb	200712	610802	榆阳区
gb	200712	610821	神木县
gb	200712	610822	府谷县
gb	200712	610823	横山县
gb	200712	610824	靖边县
gb	200712	610825	定边县
gb	200712	610826	绥德县
gb	200712	610827	米脂县
gb	200712	610828	佳县
gb	200712	610829	吴堡县
gb	200712	610830	清涧县
gb	200712	610831	子洲县
gb	200712	610900	安康市
gb	200712	610901	市辖区
gb	200712	610902	汉滨区
gb	200712	610921	汉阴县
gb	200712	610922	石泉县
gb	200712	610923	宁陕县
gb	200712	610924	紫阳县
gb	200712	610925	岚皋县
gb	200712	610926	平利县
gb	200712	610927	镇坪县
gb	200712	610928	旬阳县
gb	200712	610929	白河县
gb	200712	611000	商洛市
gb	200712	611001	市辖区
gb	200712	611002	商州区
gb	200712	611021	洛南县
gb	200712	611022	丹凤县
gb	200712	611023	商南县
gb	200712	611024	山阳县
gb	200712	611025	镇安县
gb	200712	611026	柞水县
gb	200712	620000	甘肃省
gb	200712	620100	兰州市
gb	200712	620101	市辖区
gb	200712	620102	城关区
gb	200712	620103	七里河区
gb	200712	620104	西固区
gb	200712	620105	安宁区
gb	200712	620111	红古区
gb	200712	620121	永登县
gb	200712	620122	皋兰县
gb	200712	620123	榆中县
gb	200712	620200	嘉峪关市
gb	200712	620201	市辖区
gb	200712	620300	金昌市
gb	200712	620301	市辖区
gb	200712	620302	金川区
gb	200712	620321	永昌县
gb	200712	620400	白银市
gb	200712	620401	市辖区
gb	200712	620402	白银区
gb	200712	620403	平川区
gb	200712	620421	靖远县
gb	200712	620422	会宁县
gb	200712	620423	景泰县
gb	200712	620500	天水市
gb	200712	620501	市辖区
gb	200712	620502	秦州区
gb	200712	620503	麦积区
gb	200712	620521	清水县
gb	200712	620522	秦安县
gb	200712	620523	甘谷县
gb	200712	620524	武山县
gb	200712	620525	张家川回族自治县
gb	200712	620600	武威市
gb	200712	620601	市辖区
gb	200712	620602	凉州区
gb	200712	620621	民勤县
gb	200712	620622	古浪县
gb	200712	620623	天祝藏族自治县
gb	200712	620700	张掖市
gb	200712	620701	市辖区
gb	200712	620702	甘州区
gb	200712	620721	肃南裕固族自治县
gb	200712	620722	民乐县
gb	200712	620723	临泽县
gb	200712	620724	高台县
gb	200712	620725	山丹县
gb	200712	620800	平凉市
gb	200712	620801	市辖区
gb	200712	620802	崆峒区
gb	200712	620821	泾川县
gb	200712	620822	灵台县
gb	200712	620823	崇信县
gb	200712	620824	华亭县
gb	200712	620825	庄浪县
gb	200712	620826	静宁县
gb	200712	620900	酒泉市
gb	200712	620901	市辖区
gb	200712	620902	肃州区
gb	200712	620921	金塔县
gb	200712	620922	瓜州县
gb	200712	620923	肃北蒙古族自治县
gb	200712	620924	阿克塞哈萨克族自治县
gb	200712	620981	玉门市
gb	200712	620982	敦煌市
gb	200712	621000	庆阳市
gb	200712	621001	市辖区
gb	200712	621002	西峰区
gb	200712	621021	庆城县
gb	200712	621022	环县
gb	200712	621023	华池县
gb	200712	621024	合水县
gb	200712	621025	正宁县
gb	200712	621026	宁县
gb	200712	621027	镇原县
gb	200712	621100	定西市
gb	200712	621101	市辖区
gb	200712	621102	安定区
gb	200712	621121	通渭县
gb	200712	621122	陇西县
gb	200712	621123	渭源县
gb	200712	621124	临洮县
gb	200712	621125	漳县
gb	200712	621126	岷县
gb	200712	621200	陇南市
gb	200712	621201	市辖区
gb	200712	621202	武都区
gb	200712	621221	成县
gb	200712	621222	文县
gb	200712	621223	宕昌县
gb	200712	621224	康县
gb	200712	621225	西和县
gb	200712	621226	礼县
gb	200712	621227	徽县
gb	200712	621228	两当县
gb	200712	622900	临夏回族自治州
gb	200712	622901	临夏市
gb	200712	622921	临夏县
gb	200712	622922	康乐县
gb	200712	622923	永靖县
gb	200712	622924	广河县
gb	200712	622925	和政县
gb	200712	622926	东乡族自治县
gb	200712	622927	积石山保安族东乡族撒拉族自治县
gb	200712	623000	甘南藏族自治州
gb	200712	623001	合作市
gb	200712	623021	临潭县
gb	200712	623022	卓尼县
gb	200712	623023	舟曲县
gb	200712	623024	迭部县
gb	200712	623025	玛曲县
gb	200712	623026	碌曲县
gb	200712	623027	夏河县
gb	200712	630000	青海省
gb	200712	630100	西宁市
gb	200712	630101	市辖区
gb	200712	630102	城东区
gb	200712	630103	城中区
gb	200712	630104	城西区
gb	200712	630105	城北区
gb	200712	630121	大通回族土族自治县
gb	200712	630122	湟中县
gb	200712	630123	湟源县
gb	200712	632100	海东地区
gb	200712	632121	平安县
gb	200712	632122	民和回族土族自治县
gb	200712	632123	乐都县
gb	200712	632126	互助土族自治县
gb	200712	632127	化隆回族自治县
gb	200712	632128	循化撒拉族自治县
gb	200712	632200	海北藏族自治州
gb	200712	632221	门源回族自治县
gb	200712	632222	祁连县
gb	200712	632223	海晏县
gb	200712	632224	刚察县
gb	200712	632300	黄南藏族自治州
gb	200712	632321	同仁县
gb	200712	632322	尖扎县
gb	200712	632323	泽库县
gb	200712	632324	河南蒙古族自治县
gb	200712	632500	海南藏族自治州
gb	200712	632521	共和县
gb	200712	632522	同德县
gb	200712	632523	贵德县
gb	200712	632524	兴海县
gb	200712	632525	贵南县
gb	200712	632600	果洛藏族自治州
gb	200712	632621	玛沁县
gb	200712	632622	班玛县
gb	200712	632623	甘德县
gb	200712	632624	达日县
gb	200712	632625	久治县
gb	200712	632626	玛多县
gb	200712	632700	玉树藏族自治州
gb	200712	632721	玉树县
gb	200712	632722	杂多县
gb	200712	632723	称多县
gb	200712	632724	治多县
gb	200712	632725	囊谦县
gb	200712	632726	曲麻莱县
gb	200712	632800	海西蒙古族藏族自治州
gb	200712	632801	格尔木市
gb	200712	632802	德令哈市
gb	200712	632821	乌兰县
gb	200712	632822	都兰县
gb	200712	632823	天峻县
gb	200712	640000	宁夏回族自治区
gb	200712	640100	银川市
gb	200712	640101	市辖区
gb	200712	640104	兴庆区
gb	200712	640105	西夏区
gb	200712	640106	金凤区
gb	200712	640121	永宁县
gb	200712	640122	贺兰县
gb	200712	640181	灵武市
gb	200712	640200	石嘴山市
gb	200712	640201	市辖区
gb	200712	640202	大武口区
gb	200712	640205	惠农区
gb	200712	640221	平罗县
gb	200712	640300	吴忠市
gb	200712	640301	市辖区
gb	200712	640302	利通区
gb	200712	640323	盐池县
gb	200712	640324	同心县
gb	200712	640381	青铜峡市
gb	200712	640400	固原市
gb	200712	640401	市辖区
gb	200712	640402	原州区
gb	200712	640422	西吉县
gb	200712	640423	隆德县
gb	200712	640424	泾源县
gb	200712	640425	彭阳县
gb	200712	640500	中卫市
gb	200712	640501	市辖区
gb	200712	640502	沙坡头区
gb	200712	640521	中宁县
gb	200712	640522	海原县
gb	200712	650000	新疆维吾尔自治区
gb	200712	650100	乌鲁木齐市
gb	200712	650101	市辖区
gb	200712	650102	天山区
gb	200712	650103	沙依巴克区
gb	200712	650104	新市区
gb	200712	650105	水磨沟区
gb	200712	650106	头屯河区
gb	200712	650107	达坂城区
gb	200712	650109	米东区
gb	200712	650121	乌鲁木齐县
gb	200712	650200	克拉玛依市
gb	200712	650201	市辖区
gb	200712	650202	独山子区
gb	200712	650203	克拉玛依区
gb	200712	650204	白碱滩区
gb	200712	650205	乌尔禾区
gb	200712	652100	吐鲁番地区
gb	200712	652101	吐鲁番市
gb	200712	652122	鄯善县
gb	200712	652123	托克逊县
gb	200712	652200	哈密地区
gb	200712	652201	哈密市
gb	200712	652222	巴里坤哈萨克自治县
gb	200712	652223	伊吾县
gb	200712	652300	昌吉回族自治州
gb	200712	652301	昌吉市
gb	200712	652302	阜康市
gb	200712	652323	呼图壁县
gb	200712	652324	玛纳斯县
gb	200712	652325	奇台县
gb	200712	652327	吉木萨尔县
gb	200712	652328	木垒哈萨克自治县
gb	200712	652700	博尔塔拉蒙古自治州
gb	200712	652701	博乐市
gb	200712	652722	精河县
gb	200712	652723	温泉县
gb	200712	652800	巴音郭楞蒙古自治州
gb	200712	652801	库尔勒市
gb	200712	652822	轮台县
gb	200712	652823	尉犁县
gb	200712	652824	若羌县
gb	200712	652825	且末县
gb	200712	652826	焉耆回族自治县
gb	200712	652827	和静县
gb	200712	652828	和硕县
gb	200712	652829	博湖县
gb	200712	652900	阿克苏地区
gb	200712	652901	阿克苏市
gb	200712	652922	温宿县
gb	200712	652923	库车县
gb	200712	652924	沙雅县
gb	200712	652925	新和县
gb	200712	652926	拜城县
gb	200712	652927	乌什县
gb	200712	652928	阿瓦提县
gb	200712	652929	柯坪县
gb	200712	653000	克孜勒苏柯尔克孜自治州
gb	200712	653001	阿图什市
gb	200712	653022	阿克陶县
gb	200712	653023	阿合奇县
gb	200712	653024	乌恰县
gb	200712	653100	喀什地区
gb	200712	653101	喀什市
gb	200712	653121	疏附县
gb	200712	653122	疏勒县
gb	200712	653123	英吉沙县
gb	200712	653124	泽普县
gb	200712	653125	莎车县
gb	200712	653126	叶城县
gb	200712	653127	麦盖提县
gb	200712	653128	岳普湖县
gb	200712	653129	伽师县
gb	200712	653130	巴楚县
gb	200712	653131	塔什库尔干塔吉克自治县
gb	200712	653200	和田地区
gb	200712	653201	和田市
gb	200712	653221	和田县
gb	200712	653222	墨玉县
gb	200712	653223	皮山县
gb	200712	653224	洛浦县
gb	200712	653225	策勒县
gb	200712	653226	于田县
gb	200712	653227	民丰县
gb	200712	654000	伊犁哈萨克自治州
gb	200712	654002	伊宁市
gb	200712	654003	奎屯市
gb	200712	654021	伊宁县
gb	200712	654022	察布查尔锡伯自治县
gb	200712	654023	霍城县
gb	200712	654024	巩留县
gb	200712	654025	新源县
gb	200712	654026	昭苏县
gb	200712	654027	特克斯县
gb	200712	654028	尼勒克县
gb	200712	654200	塔城地区
gb	200712	654201	塔城市
gb	200712	654202	乌苏市
gb	200712	654221	额敏县
gb	200712	654223	沙湾县
gb	200712	654224	托里县
gb	200712	654225	裕民县
gb	200712	654226	和布克赛尔蒙古自治县
gb	200712	654300	阿勒泰地区
gb	200712	654301	阿勒泰市
gb	200712	654321	布尔津县
gb	200712	654322	富蕴县
gb	200712	654323	福海县
gb	200712	654324	哈巴河县
gb	200712	654325	青河县
gb	200712	654326	吉木乃县
gb	200712	659000	自治区直辖县级行政单位
gb	200712	659001	石河子市
gb	200712	659002	阿拉尔市
gb	200712	659003	图木舒克市
gb	200712	659004	五家渠市
gb	200712	710000	台湾省
gb	200712	810000	香港特别行政区
gb	200712	820000	澳门特别行政区
